drop database if exists warehouse1;
create schema warehouse1;
use warehouse1;
create table Category (
	CategoryID INT,
	CategoryName VARCHAR(11),
	Description VARCHAR(4)
);
insert into Category (CategoryID, CategoryName, Description) values (3001, 'Electronics', 'bb');
insert into Category (CategoryID, CategoryName, Description) values (3002, 'Clothing', 'aa');
insert into Category (CategoryID, CategoryName, Description) values (3003, 'Furniture', 'gg');
insert into Category (CategoryID, CategoryName, Description) values (3004, 'Kitchenware', 'bb');
insert into Category (CategoryID, CategoryName, Description) values (3005, 'cosmetics', 'gg');
insert into Category (CategoryID, CategoryName, Description) values (3006, 'Sports', 'aa');

create table Customer (
	CustomerID INT,
	CustomerName VARCHAR(15),
	Contact VARCHAR(50),
	Address VARCHAR(50),
	Area VARCHAR(15),
	City VARCHAR(9),
	PostalCode VARCHAR(50)
);
insert into Customer (CustomerID, CustomerName, Contact, Address, Area, City, PostalCode) values (1001, 'SwiftSprint', '3035149023', '20th Floor', 'Worli', 'Delhi', '681605');
insert into Customer (CustomerID, CustomerName, Contact, Address, Area, City, PostalCode) values (1002, 'PixelPulse', '3952075406', 'Apt 911', 'Dwarka', 'Surat', '682470');
insert into Customer (CustomerID, CustomerName, Contact, Address, Area, City, PostalCode) values (1003, 'ZenZest', '5973334668', 'PO Box 88744', 'Chanakyapuri', 'Delhi', '129337');
insert into Customer (CustomerID, CustomerName, Contact, Address, Area, City, PostalCode) values (1004, 'TerraTide', '3079839005', 'Room 870', 'Chanakyapuri', 'Chennai', '393918');
insert into Customer (CustomerID, CustomerName, Contact, Address, Area, City, PostalCode) values (1005, 'QuantumQuill', '4627845111', '4th Floor', 'Connaught Place', 'Ahmedabad', '233384');
insert into Customer (CustomerID, CustomerName, Contact, Address, Area, City, PostalCode) values (1006, 'ByteBreeze', '4199126492', 'Suite 56', 'Chanakyapuri', 'Delhi', '742526');
insert into Customer (CustomerID, CustomerName, Contact, Address, Area, City, PostalCode) values (1007, 'LunarLoom', '3365405365', 'PO Box 56976', 'Andheri', 'Kolkata', '750370');
insert into Customer (CustomerID, CustomerName, Contact, Address, Area, City, PostalCode) values (1008, 'NovaNectar', '1846477724', 'Room 944', 'Colaba', 'Jaipur', '867329');
insert into Customer (CustomerID, CustomerName, Contact, Address, Area, City, PostalCode) values (1009, 'VelvetVerve', '9179038016', 'Apt 1062', 'Andheri', 'Surat', '526935');
insert into Customer (CustomerID, CustomerName, Contact, Address, Area, City, PostalCode) values (1010, 'SparkScribe', '6934909988', 'Suite 97', 'Andheri', 'Surat', '095599');
insert into Customer (CustomerID, CustomerName, Contact, Address, Area, City, PostalCode) values (1011, 'EmberEcho', '1265113410', 'Suite 22', 'Andheri', 'Mumbai', '905738');
insert into Customer (CustomerID, CustomerName, Contact, Address, Area, City, PostalCode) values (1012, 'TwistedTwig', '9505163883', 'Apt 571', 'Powai', 'Hyderabad', '292481');
insert into Customer (CustomerID, CustomerName, Contact, Address, Area, City, PostalCode) values (1013, 'MarbleMingle', '3713252795', 'PO Box 44625', 'Rohini', 'Mumbai', '341622');
insert into Customer (CustomerID, CustomerName, Contact, Address, Area, City, PostalCode) values (1014, 'CrystalCrest', '7602156379', 'PO Box 4135', 'Dwarka', 'Mumbai', '899279');
insert into Customer (CustomerID, CustomerName, Contact, Address, Area, City, PostalCode) values (1015, 'QuasarQuest', '1755488607', '20th Floor', 'Saket', 'Chennai', '222238');
insert into Customer (CustomerID, CustomerName, Contact, Address, Area, City, PostalCode) values (1016, 'MysticMirth', '1702209760', 'Suite 35', 'Dadar', 'Jaipur', '105049');
insert into Customer (CustomerID, CustomerName, Contact, Address, Area, City, PostalCode) values (1017, 'SolarScribe', '1367742894', 'Suite 22', 'Rohini', 'Jaipur', '449255');
insert into Customer (CustomerID, CustomerName, Contact, Address, Area, City, PostalCode) values (1018, 'ArcticAtlas', '7969135577', 'Apt 298', 'Worli', 'Kolkata', '945504');
insert into Customer (CustomerID, CustomerName, Contact, Address, Area, City, PostalCode) values (1019, 'BlazeBurst', '2507121169', '4th Floor', 'Karol Bagh', 'Surat', '454241');
insert into Customer (CustomerID, CustomerName, Contact, Address, Area, City, PostalCode) values (1020, 'SilverSpire', '7805301327', '12th Floor', 'Karol Bagh', 'Chennai', '461423');
insert into Customer (CustomerID, CustomerName, Contact, Address, Area, City, PostalCode) values (1021, 'QuantumQuill', '4366850300', 'Suite 85', 'Powai', 'Bangalore', '064247');
insert into Customer (CustomerID, CustomerName, Contact, Address, Area, City, PostalCode) values (1022, 'AquaArbor', '5311480034', 'Suite 18', 'Dadar', 'Jaipur', '906847');
insert into Customer (CustomerID, CustomerName, Contact, Address, Area, City, PostalCode) values (1023, 'PentaPetal', '2313380389', 'PO Box 56904', 'Powai', 'Chennai', '499924');
insert into Customer (CustomerID, CustomerName, Contact, Address, Area, City, PostalCode) values (1024, 'PixelPetal', '6748356574', 'Apt 1678', 'Karol Bagh', 'Kolkata', '789836');
insert into Customer (CustomerID, CustomerName, Contact, Address, Area, City, PostalCode) values (1025, 'VelvetVortex', '8679041116', 'Room 1797', 'Colaba', 'Chennai', '336472');
insert into Customer (CustomerID, CustomerName, Contact, Address, Area, City, PostalCode) values (1026, 'SunflowerScribe', '5639593190', '5th Floor', 'Bandra', 'Pune', '410867');
insert into Customer (CustomerID, CustomerName, Contact, Address, Area, City, PostalCode) values (1027, 'SolsticeSage', '4552418750', 'Suite 57', 'Worli', 'Hyderabad', '487534');
insert into Customer (CustomerID, CustomerName, Contact, Address, Area, City, PostalCode) values (1028, 'GemstoneGrove', '3173589422', 'Room 674', 'Karol Bagh', 'Pune', '854124');
insert into Customer (CustomerID, CustomerName, Contact, Address, Area, City, PostalCode) values (1029, 'AzureAlcove', '8319623397', 'Room 436', 'Chanakyapuri', 'Surat', '081578');
insert into Customer (CustomerID, CustomerName, Contact, Address, Area, City, PostalCode) values (1030, 'EtherealEra', '6661485216', 'Room 763', 'Chanakyapuri', 'Kolkata', '436124');
insert into Customer (CustomerID, CustomerName, Contact, Address, Area, City, PostalCode) values (1031, 'OrionOasis', '8053848602', 'Suite 22', 'Dadar', 'Kolkata', '224651');
insert into Customer (CustomerID, CustomerName, Contact, Address, Area, City, PostalCode) values (1032, 'ZenithZephyr', '4704543049', 'Apt 1627', 'Bandra', 'Kolkata', '237649');
insert into Customer (CustomerID, CustomerName, Contact, Address, Area, City, PostalCode) values (1033, 'WhisperWillow', '8878285059', '1st Floor', 'Powai', 'Delhi', '359157');
insert into Customer (CustomerID, CustomerName, Contact, Address, Area, City, PostalCode) values (1034, 'EchoEmber', '1575177515', 'Suite 51', 'Andheri', 'Bangalore', '372261');
insert into Customer (CustomerID, CustomerName, Contact, Address, Area, City, PostalCode) values (1035, 'RadiantRipple', '7852503617', 'PO Box 4765', 'Saket', 'Pune', '545354');
insert into Customer (CustomerID, CustomerName, Contact, Address, Area, City, PostalCode) values (1036, 'VortexVigil', '9254456865', 'PO Box 29892', 'Andheri', 'Kolkata', '461500');
insert into Customer (CustomerID, CustomerName, Contact, Address, Area, City, PostalCode) values (1037, 'HarmonyHive', '8501182089', 'Suite 92', 'Worli', 'Surat', '368115');
insert into Customer (CustomerID, CustomerName, Contact, Address, Area, City, PostalCode) values (1038, 'CobaltCrest', '9405912591', 'PO Box 66163', 'Dwarka', 'Kolkata', '803821');
insert into Customer (CustomerID, CustomerName, Contact, Address, Area, City, PostalCode) values (1039, 'DreamDune', '2832653024', 'Suite 48', 'Colaba', 'Bangalore', '098093');
insert into Customer (CustomerID, CustomerName, Contact, Address, Area, City, PostalCode) values (1040, 'SilverSphere', '6531072570', 'Room 1455', 'Dwarka', 'Mumbai', '724633');
insert into Customer (CustomerID, CustomerName, Contact, Address, Area, City, PostalCode) values (1041, 'TerraTwist', '6711761199', 'Room 1994', 'Powai', 'Pune', '105631');
insert into Customer (CustomerID, CustomerName, Contact, Address, Area, City, PostalCode) values (1042, 'AlpineAegis', '2031717886', 'PO Box 68284', 'Dadar', 'Pune', '128380');
insert into Customer (CustomerID, CustomerName, Contact, Address, Area, City, PostalCode) values (1043, 'PinnaclePulse', '7791423478', 'Room 824', 'Powai', 'Bangalore', '778775');
insert into Customer (CustomerID, CustomerName, Contact, Address, Area, City, PostalCode) values (1044, 'NimbusNest', '2616864909', 'Suite 38', 'Dadar', 'Mumbai', '158093');
insert into Customer (CustomerID, CustomerName, Contact, Address, Area, City, PostalCode) values (1045, 'LushLantern', '5301483379', 'PO Box 78470', 'Andheri', 'Chennai', '112811');
insert into Customer (CustomerID, CustomerName, Contact, Address, Area, City, PostalCode) values (1046, 'MirageMingle', '8136659187', 'PO Box 57900', 'Rohini', 'Delhi', '728436');
insert into Customer (CustomerID, CustomerName, Contact, Address, Area, City, PostalCode) values (1047, 'SolitudeSage', '2106902017', 'PO Box 78888', 'Bandra', 'Kolkata', '498731');
insert into Customer (CustomerID, CustomerName, Contact, Address, Area, City, PostalCode) values (1048, 'RadiantRibbon', '7798144749', 'Suite 12', 'Bandra', 'Chennai', '091350');
insert into Customer (CustomerID, CustomerName, Contact, Address, Area, City, PostalCode) values (1049, 'QuantumQuasar', '5294332237', '20th Floor', 'Rohini', 'Jaipur', '339377');
insert into Customer (CustomerID, CustomerName, Contact, Address, Area, City, PostalCode) values (1050, 'CelestialCrest', '9549834502', 'Room 1541', 'Andheri', 'Mumbai', '571968');
insert into Customer (CustomerID, CustomerName, Contact, Address, Area, City, PostalCode) values (1051, 'VelvetVirtue', '2948892349', 'Room 1133', 'Colaba', 'Delhi', '505056');
insert into Customer (CustomerID, CustomerName, Contact, Address, Area, City, PostalCode) values (1052, 'EmberEnclave', '6758534038', 'Room 1189', 'Colaba', 'Ahmedabad', '691869');
insert into Customer (CustomerID, CustomerName, Contact, Address, Area, City, PostalCode) values (1053, 'SolarSphere', '3473764412', 'PO Box 35207', 'Colaba', 'Delhi', '506244');
insert into Customer (CustomerID, CustomerName, Contact, Address, Area, City, PostalCode) values (1054, 'WhisperWisp', '4056871329', 'PO Box 77211', 'Saket', 'Hyderabad', '866420');
insert into Customer (CustomerID, CustomerName, Contact, Address, Area, City, PostalCode) values (1055, 'PixelPalace', '6549841403', '1st Floor', 'Worli', 'Ahmedabad', '311040');
insert into Customer (CustomerID, CustomerName, Contact, Address, Area, City, PostalCode) values (1056, 'SilverScribe', '4266517698', 'Room 999', 'Bandra', 'Ahmedabad', '558528');
insert into Customer (CustomerID, CustomerName, Contact, Address, Area, City, PostalCode) values (1057, 'ZenZephyr', '3581072250', 'Apt 725', 'Bandra', 'Mumbai', '310470');
insert into Customer (CustomerID, CustomerName, Contact, Address, Area, City, PostalCode) values (1058, 'NebulaNook', '9886053894', 'PO Box 45490', 'Andheri', 'Jaipur', '666666');
insert into Customer (CustomerID, CustomerName, Contact, Address, Area, City, PostalCode) values (1059, 'LunarLace', '4889906060', 'PO Box 36042', 'Chanakyapuri', 'Kolkata', '159363');
insert into Customer (CustomerID, CustomerName, Contact, Address, Area, City, PostalCode) values (1060, 'AquaAegis', '6008039116', '5th Floor', 'Rohini', 'Bangalore', '781210');
insert into Customer (CustomerID, CustomerName, Contact, Address, Area, City, PostalCode) values (1061, 'EtherealEcho', '1328054945', 'Room 821', 'Saket', 'Delhi', '932430');
insert into Customer (CustomerID, CustomerName, Contact, Address, Area, City, PostalCode) values (1062, 'BlazeBreeze', '4565843074', 'PO Box 89156', 'Bandra', 'Hyderabad', '127474');
insert into Customer (CustomerID, CustomerName, Contact, Address, Area, City, PostalCode) values (1063, 'PentaPulse', '1334465271', 'Apt 771', 'Dadar', 'Surat', '667696');
insert into Customer (CustomerID, CustomerName, Contact, Address, Area, City, PostalCode) values (1064, 'SparkSerenade', '9849958811', 'Apt 777', 'Saket', 'Delhi', '290330');
insert into Customer (CustomerID, CustomerName, Contact, Address, Area, City, PostalCode) values (1065, 'TwistedTide', '3999202807', 'PO Box 9506', 'Worli', 'Bangalore', '444474');
insert into Customer (CustomerID, CustomerName, Contact, Address, Area, City, PostalCode) values (1066, 'TerraTangle', '7128137768', '1st Floor', 'Dwarka', 'Surat', '622112');
insert into Customer (CustomerID, CustomerName, Contact, Address, Area, City, PostalCode) values (1067, 'NovaNest', '9622365241', 'Apt 1182', 'Saket', 'Bangalore', '484169');
insert into Customer (CustomerID, CustomerName, Contact, Address, Area, City, PostalCode) values (1068, 'CrystalCrescent', '8403554089', 'Room 1698', 'Andheri', 'Surat', '369513');
insert into Customer (CustomerID, CustomerName, Contact, Address, Area, City, PostalCode) values (1069, 'MysticMingle', '7874760214', 'Room 1253', 'Dwarka', 'Kolkata', '116526');
insert into Customer (CustomerID, CustomerName, Contact, Address, Area, City, PostalCode) values (1070, 'SolarSculpt', '6559811413', 'Suite 70', 'Bandra', 'Delhi', '918433');
insert into Customer (CustomerID, CustomerName, Contact, Address, Area, City, PostalCode) values (1071, 'ArcticAcre', '3336845509', '18th Floor', 'Andheri', 'Jaipur', '841685');
insert into Customer (CustomerID, CustomerName, Contact, Address, Area, City, PostalCode) values (1072, 'EmberEnigma', '5261486141', '15th Floor', 'Colaba', 'Jaipur', '350089');
insert into Customer (CustomerID, CustomerName, Contact, Address, Area, City, PostalCode) values (1073, 'MarbleMirth', '8598064361', 'Room 619', 'Saket', 'Ahmedabad', '419480');
insert into Customer (CustomerID, CustomerName, Contact, Address, Area, City, PostalCode) values (1074, 'QuasarQuilt', '8707775114', 'Suite 72', 'Saket', 'Ahmedabad', '237303');
insert into Customer (CustomerID, CustomerName, Contact, Address, Area, City, PostalCode) values (1075, 'ZenithZest', '7345873525', 'PO Box 61032', 'Colaba', 'Jaipur', '526463');
insert into Customer (CustomerID, CustomerName, Contact, Address, Area, City, PostalCode) values (1076, 'PixelParagon', '4069622270', 'Suite 20', 'Powai', 'Delhi', '333563');
insert into Customer (CustomerID, CustomerName, Contact, Address, Area, City, PostalCode) values (1077, 'VelvetVista', '1066074358', 'Room 306', 'Worli', 'Delhi', '670091');
insert into Customer (CustomerID, CustomerName, Contact, Address, Area, City, PostalCode) values (1078, 'SparkSprout', '5514015331', 'Apt 1335', 'Worli', 'Surat', '203401');
insert into Customer (CustomerID, CustomerName, Contact, Address, Area, City, PostalCode) values (1079, 'LunarLoom', '2142020143', '20th Floor', 'Colaba', 'Jaipur', '691053');
insert into Customer (CustomerID, CustomerName, Contact, Address, Area, City, PostalCode) values (1080, 'NovaNurtures', '6381003863', 'Room 721', 'Dadar', 'Mumbai', '890194');
insert into Customer (CustomerID, CustomerName, Contact, Address, Area, City, PostalCode) values (1081, 'CrystalCraft', '9176407837', 'Room 979', 'Chanakyapuri', 'Kolkata', '454249');
insert into Customer (CustomerID, CustomerName, Contact, Address, Area, City, PostalCode) values (1082, 'MysticMingle', '2998946197', 'PO Box 60084', 'Colaba', 'Jaipur', '739677');
insert into Customer (CustomerID, CustomerName, Contact, Address, Area, City, PostalCode) values (1083, 'SolarScribble', '7707896107', 'Apt 1645', 'Chanakyapuri', 'Bangalore', '420498');
insert into Customer (CustomerID, CustomerName, Contact, Address, Area, City, PostalCode) values (1084, 'ArcticAlchemy', '5007736743', 'Room 767', 'Bandra', 'Jaipur', '122318');
insert into Customer (CustomerID, CustomerName, Contact, Address, Area, City, PostalCode) values (1085, 'BlazeBoulevard', '1424421264', 'PO Box 67554', 'Powai', 'Bangalore', '548549');
insert into Customer (CustomerID, CustomerName, Contact, Address, Area, City, PostalCode) values (1086, 'PentaPulse', '7778576353', 'Suite 89', 'Andheri', 'Kolkata', '112854');
insert into Customer (CustomerID, CustomerName, Contact, Address, Area, City, PostalCode) values (1087, 'TerraTreasure', '7259743439', 'Room 929', 'Colaba', 'Kolkata', '078897');
insert into Customer (CustomerID, CustomerName, Contact, Address, Area, City, PostalCode) values (1088, 'EmberEclipse', '2339240209', 'Apt 559', 'Rohini', 'Hyderabad', '502630');
insert into Customer (CustomerID, CustomerName, Contact, Address, Area, City, PostalCode) values (1089, 'MarbleMingle', '1418805911', 'Room 1302', 'Dwarka', 'Chennai', '524018');
insert into Customer (CustomerID, CustomerName, Contact, Address, Area, City, PostalCode) values (1090, 'QuasarQuill', '6721060285', 'PO Box 49901', 'Bandra', 'Kolkata', '142923');
insert into Customer (CustomerID, CustomerName, Contact, Address, Area, City, PostalCode) values (1091, 'ZenZephyr', '3379237009', 'PO Box 53676', 'Bandra', 'Pune', '370509');
insert into Customer (CustomerID, CustomerName, Contact, Address, Area, City, PostalCode) values (1092, 'PixelPetal', '7994941068', 'Suite 62', 'Connaught Place', 'Chennai', '757240');
insert into Customer (CustomerID, CustomerName, Contact, Address, Area, City, PostalCode) values (1093, 'VelvetVibe', '7256843880', 'Apt 230', 'Rohini', 'Delhi', '460656');
insert into Customer (CustomerID, CustomerName, Contact, Address, Area, City, PostalCode) values (1094, 'SparkSculpt', '5616017924', 'Apt 518', 'Karol Bagh', 'Kolkata', '850890');
insert into Customer (CustomerID, CustomerName, Contact, Address, Area, City, PostalCode) values (1095, 'LunarLantern', '3005765734', 'Suite 3', 'Chanakyapuri', 'Pune', '656924');
insert into Customer (CustomerID, CustomerName, Contact, Address, Area, City, PostalCode) values (1096, 'NovaNectar', '6835549588', 'PO Box 23966', 'Colaba', 'Chennai', '114130');
insert into Customer (CustomerID, CustomerName, Contact, Address, Area, City, PostalCode) values (1097, 'CrystalCove', '4248370529', '16th Floor', 'Dadar', 'Pune', '689672');
insert into Customer (CustomerID, CustomerName, Contact, Address, Area, City, PostalCode) values (1098, 'MysticMirth', '4122244446', 'PO Box 78137', 'Colaba', 'Jaipur', '701231');
insert into Customer (CustomerID, CustomerName, Contact, Address, Area, City, PostalCode) values (1099, 'SolarScribe', '9432916514', 'Suite 23', 'Powai', 'Hyderabad', '226255');
insert into Customer (CustomerID, CustomerName, Contact, Address, Area, City, PostalCode) values (1100, 'ArcticAegis', '2306864635', 'Apt 265', 'Colaba', 'Delhi', '548574');
insert into Customer (CustomerID, CustomerName, Contact, Address, Area, City, PostalCode) values (1101, 'BlazeBreeze', '5989788754', 'Room 1972', 'Andheri', 'Jaipur', '997418');
insert into Customer (CustomerID, CustomerName, Contact, Address, Area, City, PostalCode) values (1102, 'PentaPixel', '1321403576', '8th Floor', 'Dwarka', 'Jaipur', '858513');
insert into Customer (CustomerID, CustomerName, Contact, Address, Area, City, PostalCode) values (1103, 'TerraTide', '6853238998', 'PO Box 8500', 'Colaba', 'Ahmedabad', '606785');
insert into Customer (CustomerID, CustomerName, Contact, Address, Area, City, PostalCode) values (1104, 'EmberEcho', '7563445096', 'PO Box 46724', 'Worli', 'Surat', '334217');
insert into Customer (CustomerID, CustomerName, Contact, Address, Area, City, PostalCode) values (1105, 'MarbleMingle', '2827503798', 'Apt 463', 'Karol Bagh', 'Ahmedabad', '155069');
insert into Customer (CustomerID, CustomerName, Contact, Address, Area, City, PostalCode) values (1106, 'QuasarQuest', '8395016654', '10th Floor', 'Dwarka', 'Mumbai', '305271');
insert into Customer (CustomerID, CustomerName, Contact, Address, Area, City, PostalCode) values (1107, 'ZenZest', '9408241293', 'Apt 594', 'Chanakyapuri', 'Hyderabad', '021661');
insert into Customer (CustomerID, CustomerName, Contact, Address, Area, City, PostalCode) values (1108, 'PixelPulse', '9303770936', 'Room 1111', 'Bandra', 'Kolkata', '688850');
insert into Customer (CustomerID, CustomerName, Contact, Address, Area, City, PostalCode) values (1109, 'VelvetVerve', '6691463286', 'Room 1518', 'Chanakyapuri', 'Jaipur', '359576');
insert into Customer (CustomerID, CustomerName, Contact, Address, Area, City, PostalCode) values (1110, 'SparkScribe', '4727141391', 'Apt 783', 'Dadar', 'Ahmedabad', '801424');
insert into Customer (CustomerID, CustomerName, Contact, Address, Area, City, PostalCode) values (1111, 'LunarLoom', '3378479228', 'Room 375', 'Bandra', 'Hyderabad', '735885');
insert into Customer (CustomerID, CustomerName, Contact, Address, Area, City, PostalCode) values (1112, 'NovaNectar', '6269967207', 'Room 1965', 'Saket', 'Kolkata', '062070');
insert into Customer (CustomerID, CustomerName, Contact, Address, Area, City, PostalCode) values (1113, 'CrystalCrest', '8924058204', 'Room 1811', 'Connaught Place', 'Delhi', '569697');
insert into Customer (CustomerID, CustomerName, Contact, Address, Area, City, PostalCode) values (1114, 'QuasarQuest', '2654669935', 'Apt 956', 'Connaught Place', 'Jaipur', '299020');
insert into Customer (CustomerID, CustomerName, Contact, Address, Area, City, PostalCode) values (1115, 'MysticMirth', '4486290279', 'Suite 97', 'Connaught Place', 'Delhi', '667769');
insert into Customer (CustomerID, CustomerName, Contact, Address, Area, City, PostalCode) values (1116, 'SolarScribe', '1185388788', 'Suite 52', 'Andheri', 'Jaipur', '967131');
insert into Customer (CustomerID, CustomerName, Contact, Address, Area, City, PostalCode) values (1117, 'ArcticAtlas', '5059947258', 'Apt 830', 'Karol Bagh', 'Mumbai', '275180');
insert into Customer (CustomerID, CustomerName, Contact, Address, Area, City, PostalCode) values (1118, 'BlazeBurst', '5703377531', '20th Floor', 'Chanakyapuri', 'Delhi', '711604');
insert into Customer (CustomerID, CustomerName, Contact, Address, Area, City, PostalCode) values (1119, 'SilverSpire', '2211921699', 'Room 350', 'Karol Bagh', 'Mumbai', '523122');
insert into Customer (CustomerID, CustomerName, Contact, Address, Area, City, PostalCode) values (1120, 'QuantumQuill', '9172122072', 'Apt 1621', 'Chanakyapuri', 'Ahmedabad', '099616');
insert into Customer (CustomerID, CustomerName, Contact, Address, Area, City, PostalCode) values (1121, 'AquaArbor', '9338811904', 'Apt 1567', 'Dadar', 'Mumbai', '527771');
insert into Customer (CustomerID, CustomerName, Contact, Address, Area, City, PostalCode) values (1122, 'PentaPetal', '7698217337', 'Apt 528', 'Dadar', 'Ahmedabad', '421725');
insert into Customer (CustomerID, CustomerName, Contact, Address, Area, City, PostalCode) values (1123, 'PixelPetal', '3495343970', 'Apt 772', 'Rohini', 'Chennai', '327480');
insert into Customer (CustomerID, CustomerName, Contact, Address, Area, City, PostalCode) values (1124, 'VelvetVortex', '3628705651', 'Apt 844', 'Dwarka', 'Chennai', '408181');
insert into Customer (CustomerID, CustomerName, Contact, Address, Area, City, PostalCode) values (1125, 'SunflowerScribe', '9017043054', 'Room 1001', 'Karol Bagh', 'Kolkata', '845353');
insert into Customer (CustomerID, CustomerName, Contact, Address, Area, City, PostalCode) values (1126, 'SolsticeSage', '7063456527', 'Apt 1266', 'Dadar', 'Ahmedabad', '407554');
insert into Customer (CustomerID, CustomerName, Contact, Address, Area, City, PostalCode) values (1127, 'GemstoneGrove', '6864230066', 'PO Box 3042', 'Dwarka', 'Mumbai', '834038');
insert into Customer (CustomerID, CustomerName, Contact, Address, Area, City, PostalCode) values (1128, 'AzureAlcove', '6976557050', 'Room 491', 'Dadar', 'Mumbai', '968113');
insert into Customer (CustomerID, CustomerName, Contact, Address, Area, City, PostalCode) values (1129, 'EtherealEra', '1171678323', 'Room 934', 'Rohini', 'Jaipur', '363414');
insert into Customer (CustomerID, CustomerName, Contact, Address, Area, City, PostalCode) values (1130, 'OrionOasis', '9124704922', '11th Floor', 'Karol Bagh', 'Chennai', '077461');
insert into Customer (CustomerID, CustomerName, Contact, Address, Area, City, PostalCode) values (1131, 'ZenithZephyr', '1145185163', 'Apt 1296', 'Andheri', 'Delhi', '496477');
insert into Customer (CustomerID, CustomerName, Contact, Address, Area, City, PostalCode) values (1132, 'WhisperWillow', '1355830549', 'Apt 191', 'Karol Bagh', 'Chennai', '659854');
insert into Customer (CustomerID, CustomerName, Contact, Address, Area, City, PostalCode) values (1133, 'EchoEmber', '8825523743', 'Room 1120', 'Chanakyapuri', 'Mumbai', '908591');
insert into Customer (CustomerID, CustomerName, Contact, Address, Area, City, PostalCode) values (1134, 'RadiantRipple', '5627404845', 'Suite 17', 'Worli', 'Kolkata', '421030');
insert into Customer (CustomerID, CustomerName, Contact, Address, Area, City, PostalCode) values (1135, 'VortexVigil', '9811833875', 'Suite 58', 'Rohini', 'Jaipur', '596065');
insert into Customer (CustomerID, CustomerName, Contact, Address, Area, City, PostalCode) values (1136, 'HarmonyHive', '6187097809', 'Apt 266', 'Connaught Place', 'Surat', '392388');
insert into Customer (CustomerID, CustomerName, Contact, Address, Area, City, PostalCode) values (1137, 'CobaltCrest', '4039971712', '5th Floor', 'Colaba', 'Bangalore', '337987');
insert into Customer (CustomerID, CustomerName, Contact, Address, Area, City, PostalCode) values (1138, 'DreamDune', '9562855149', 'Apt 819', 'Rohini', 'Chennai', '954435');
insert into Customer (CustomerID, CustomerName, Contact, Address, Area, City, PostalCode) values (1139, 'SilverSphere', '1925095677', 'Apt 727', 'Worli', 'Mumbai', '943884');
insert into Customer (CustomerID, CustomerName, Contact, Address, Area, City, PostalCode) values (1140, 'TerraTwist', '6304023634', 'Room 117', 'Powai', 'Pune', '973457');
insert into Customer (CustomerID, CustomerName, Contact, Address, Area, City, PostalCode) values (1141, 'AlpineAegis', '1835895531', 'Apt 832', 'Karol Bagh', 'Hyderabad', '507042');
insert into Customer (CustomerID, CustomerName, Contact, Address, Area, City, PostalCode) values (1142, 'PinnaclePulse', '9079171779', 'Apt 367', 'Chanakyapuri', 'Bangalore', '201887');
insert into Customer (CustomerID, CustomerName, Contact, Address, Area, City, PostalCode) values (1143, 'NimbusNest', '1161778795', '3rd Floor', 'Connaught Place', 'Bangalore', '696486');
insert into Customer (CustomerID, CustomerName, Contact, Address, Area, City, PostalCode) values (1144, 'LushLantern', '2331351800', 'Room 273', 'Powai', 'Ahmedabad', '081070');
insert into Customer (CustomerID, CustomerName, Contact, Address, Area, City, PostalCode) values (1145, 'MirageMingle', '4245819970', 'PO Box 34316', 'Dwarka', 'Delhi', '835094');
insert into Customer (CustomerID, CustomerName, Contact, Address, Area, City, PostalCode) values (1146, 'SolitudeSage', '2268100544', '20th Floor', 'Rohini', 'Kolkata', '822718');
insert into Customer (CustomerID, CustomerName, Contact, Address, Area, City, PostalCode) values (1147, 'RadiantRibbon', '7086921825', 'Room 1187', 'Colaba', 'Jaipur', '297716');
insert into Customer (CustomerID, CustomerName, Contact, Address, Area, City, PostalCode) values (1148, 'QuantumQuasar', '1917981643', '17th Floor', 'Colaba', 'Ahmedabad', '373468');
insert into Customer (CustomerID, CustomerName, Contact, Address, Area, City, PostalCode) values (1149, 'VelvetVirtue', '1471385539', 'Apt 1712', 'Karol Bagh', 'Chennai', '196295');
insert into Customer (CustomerID, CustomerName, Contact, Address, Area, City, PostalCode) values (1150, 'EmberEnclave', '7275255225', '15th Floor', 'Rohini', 'Delhi', '585312');
insert into Customer (CustomerID, CustomerName, Contact, Address, Area, City, PostalCode) values (1151, 'SolarSphere', '1969992085', 'Room 1732', 'Saket', 'Bangalore', '704315');
insert into Customer (CustomerID, CustomerName, Contact, Address, Area, City, PostalCode) values (1152, 'WhisperWisp', '9579125305', 'Apt 284', 'Worli', 'Chennai', '195318');
insert into Customer (CustomerID, CustomerName, Contact, Address, Area, City, PostalCode) values (1153, 'PixelPalace', '2655449832', '4th Floor', 'Dadar', 'Kolkata', '238662');
insert into Customer (CustomerID, CustomerName, Contact, Address, Area, City, PostalCode) values (1154, 'SilverScribe', '1966349050', 'Suite 27', 'Dadar', 'Surat', '165995');
insert into Customer (CustomerID, CustomerName, Contact, Address, Area, City, PostalCode) values (1155, 'ZenZephyr', '5554556989', '18th Floor', 'Chanakyapuri', 'Kolkata', '622834');
insert into Customer (CustomerID, CustomerName, Contact, Address, Area, City, PostalCode) values (1156, 'NebulaNook', '3219355971', 'Suite 92', 'Andheri', 'Surat', '906021');
insert into Customer (CustomerID, CustomerName, Contact, Address, Area, City, PostalCode) values (1157, 'LunarLace', '5796848396', '2nd Floor', 'Worli', 'Hyderabad', '781446');
insert into Customer (CustomerID, CustomerName, Contact, Address, Area, City, PostalCode) values (1158, 'AquaAegis', '5822144448', 'PO Box 93109', 'Chanakyapuri', 'Hyderabad', '712953');
insert into Customer (CustomerID, CustomerName, Contact, Address, Area, City, PostalCode) values (1159, 'EtherealEcho', '5225908163', 'Apt 127', 'Rohini', 'Hyderabad', '236018');
insert into Customer (CustomerID, CustomerName, Contact, Address, Area, City, PostalCode) values (1160, 'BlazeBreeze', '7731580302', 'PO Box 60820', 'Chanakyapuri', 'Surat', '197232');
insert into Customer (CustomerID, CustomerName, Contact, Address, Area, City, PostalCode) values (1161, 'PentaPulse', '3776683095', '3rd Floor', 'Dadar', 'Surat', '506700');
insert into Customer (CustomerID, CustomerName, Contact, Address, Area, City, PostalCode) values (1162, 'SparkSerenade', '9763188804', 'Suite 38', 'Colaba', 'Pune', '412753');
insert into Customer (CustomerID, CustomerName, Contact, Address, Area, City, PostalCode) values (1163, 'TwistedTide', '9415414193', 'Suite 59', 'Rohini', 'Hyderabad', '833259');
insert into Customer (CustomerID, CustomerName, Contact, Address, Area, City, PostalCode) values (1164, 'TerraTangle', '7873890887', 'Apt 188', 'Powai', 'Ahmedabad', '040797');
insert into Customer (CustomerID, CustomerName, Contact, Address, Area, City, PostalCode) values (1165, 'NovaNest', '2414913814', 'Room 1374', 'Worli', 'Bangalore', '249892');
insert into Customer (CustomerID, CustomerName, Contact, Address, Area, City, PostalCode) values (1166, 'CrystalCrescent', '3663877080', 'Suite 59', 'Andheri', 'Chennai', '598800');
insert into Customer (CustomerID, CustomerName, Contact, Address, Area, City, PostalCode) values (1167, 'MysticMingle', '4907502423', 'Room 170', 'Chanakyapuri', 'Chennai', '504520');
insert into Customer (CustomerID, CustomerName, Contact, Address, Area, City, PostalCode) values (1168, 'SolarSculpt', '9352802907', '16th Floor', 'Colaba', 'Ahmedabad', '581356');
insert into Customer (CustomerID, CustomerName, Contact, Address, Area, City, PostalCode) values (1169, 'ArcticAcre', '7808612266', 'PO Box 91911', 'Dwarka', 'Bangalore', '527288');
insert into Customer (CustomerID, CustomerName, Contact, Address, Area, City, PostalCode) values (1170, 'EmberEnigma', '6342507426', 'PO Box 83263', 'Andheri', 'Pune', '365818');
insert into Customer (CustomerID, CustomerName, Contact, Address, Area, City, PostalCode) values (1171, 'MarbleMirth', '1266071103', '5th Floor', 'Colaba', 'Hyderabad', '048287');
insert into Customer (CustomerID, CustomerName, Contact, Address, Area, City, PostalCode) values (1172, 'QuasarQuilt', '7011842133', '19th Floor', 'Connaught Place', 'Mumbai', '218449');
insert into Customer (CustomerID, CustomerName, Contact, Address, Area, City, PostalCode) values (1173, 'ZenithZest', '7292629103', 'Apt 1219', 'Bandra', 'Mumbai', '620043');
insert into Customer (CustomerID, CustomerName, Contact, Address, Area, City, PostalCode) values (1174, 'PixelParagon', '5218201876', '4th Floor', 'Saket', 'Mumbai', '222115');
insert into Customer (CustomerID, CustomerName, Contact, Address, Area, City, PostalCode) values (1175, 'VelvetVista', '8015272315', 'Apt 1233', 'Powai', 'Bangalore', '709112');
insert into Customer (CustomerID, CustomerName, Contact, Address, Area, City, PostalCode) values (1176, 'SparkSprout', '9275036296', 'Apt 394', 'Chanakyapuri', 'Delhi', '995903');
insert into Customer (CustomerID, CustomerName, Contact, Address, Area, City, PostalCode) values (1177, 'LunarLoom', '5521920421', 'Apt 702', 'Dwarka', 'Kolkata', '249420');
insert into Customer (CustomerID, CustomerName, Contact, Address, Area, City, PostalCode) values (1178, 'NovaNurtures', '8715257944', 'Room 832', 'Dwarka', 'Surat', '119199');
insert into Customer (CustomerID, CustomerName, Contact, Address, Area, City, PostalCode) values (1179, 'CrystalCraft', '3501737214', '6th Floor', 'Connaught Place', 'Bangalore', '551940');
insert into Customer (CustomerID, CustomerName, Contact, Address, Area, City, PostalCode) values (1180, 'MysticMingle', '6785196855', 'Apt 656', 'Bandra', 'Kolkata', '600692');


create table Orders (
	OrderID INT,
	ProductID INT,
	CustomerID INT,
	TimeID INT,
	Quantity INT
);
insert into Orders (OrderID, ProductID, CustomerID, TimeID, Quantity) values (4001, 2016, 1118, 5097, 814);
insert into Orders (OrderID, ProductID, CustomerID, TimeID, Quantity) values (4002, 2064, 1177, 5155, 589);
insert into Orders (OrderID, ProductID, CustomerID, TimeID, Quantity) values (4003, 2058, 1138, 5075, 591);
insert into Orders (OrderID, ProductID, CustomerID, TimeID, Quantity) values (4004, 2090, 1127, 5060, 528);
insert into Orders (OrderID, ProductID, CustomerID, TimeID, Quantity) values (4005, 2078, 1127, 5085, 218);
insert into Orders (OrderID, ProductID, CustomerID, TimeID, Quantity) values (4006, 2064, 1101, 5107, 197);
insert into Orders (OrderID, ProductID, CustomerID, TimeID, Quantity) values (4007, 2098, 1040, 5043, 262);
insert into Orders (OrderID, ProductID, CustomerID, TimeID, Quantity) values (4008, 2027, 1134, 5150, 783);
insert into Orders (OrderID, ProductID, CustomerID, TimeID, Quantity) values (4009, 2063, 1010, 5050, 986);
insert into Orders (OrderID, ProductID, CustomerID, TimeID, Quantity) values (4010, 2021, 1017, 5145, 923);
insert into Orders (OrderID, ProductID, CustomerID, TimeID, Quantity) values (4011, 2083, 1057, 5116, 558);
insert into Orders (OrderID, ProductID, CustomerID, TimeID, Quantity) values (4012, 2078, 1036, 5158, 987);
insert into Orders (OrderID, ProductID, CustomerID, TimeID, Quantity) values (4013, 2091, 1131, 5074, 563);
insert into Orders (OrderID, ProductID, CustomerID, TimeID, Quantity) values (4014, 2038, 1133, 5035, 761);
insert into Orders (OrderID, ProductID, CustomerID, TimeID, Quantity) values (4015, 2069, 1003, 5098, 741);
insert into Orders (OrderID, ProductID, CustomerID, TimeID, Quantity) values (4016, 2094, 1049, 5166, 515);
insert into Orders (OrderID, ProductID, CustomerID, TimeID, Quantity) values (4017, 2057, 1084, 5096, 343);
insert into Orders (OrderID, ProductID, CustomerID, TimeID, Quantity) values (4018, 2101, 1033, 5009, 311);
insert into Orders (OrderID, ProductID, CustomerID, TimeID, Quantity) values (4019, 2092, 1120, 5121, 486);
insert into Orders (OrderID, ProductID, CustomerID, TimeID, Quantity) values (4020, 2012, 1169, 5155, 137);
insert into Orders (OrderID, ProductID, CustomerID, TimeID, Quantity) values (4021, 2087, 1043, 5157, 870);
insert into Orders (OrderID, ProductID, CustomerID, TimeID, Quantity) values (4022, 2085, 1094, 5102, 174);
insert into Orders (OrderID, ProductID, CustomerID, TimeID, Quantity) values (4023, 2093, 1028, 5106, 933);
insert into Orders (OrderID, ProductID, CustomerID, TimeID, Quantity) values (4024, 2018, 1068, 5154, 354);
insert into Orders (OrderID, ProductID, CustomerID, TimeID, Quantity) values (4025, 2094, 1001, 5159, 701);
insert into Orders (OrderID, ProductID, CustomerID, TimeID, Quantity) values (4026, 2029, 1032, 5109, 151);
insert into Orders (OrderID, ProductID, CustomerID, TimeID, Quantity) values (4027, 2083, 1095, 5007, 218);
insert into Orders (OrderID, ProductID, CustomerID, TimeID, Quantity) values (4028, 2023, 1180, 5102, 184);
insert into Orders (OrderID, ProductID, CustomerID, TimeID, Quantity) values (4029, 2082, 1126, 5039, 698);
insert into Orders (OrderID, ProductID, CustomerID, TimeID, Quantity) values (4030, 2085, 1001, 5065, 599);
insert into Orders (OrderID, ProductID, CustomerID, TimeID, Quantity) values (4031, 2110, 1057, 5195, 351);
insert into Orders (OrderID, ProductID, CustomerID, TimeID, Quantity) values (4032, 2030, 1129, 5165, 841);
insert into Orders (OrderID, ProductID, CustomerID, TimeID, Quantity) values (4033, 2091, 1107, 5043, 931);
insert into Orders (OrderID, ProductID, CustomerID, TimeID, Quantity) values (4034, 2011, 1032, 5111, 631);
insert into Orders (OrderID, ProductID, CustomerID, TimeID, Quantity) values (4035, 2043, 1091, 5161, 492);
insert into Orders (OrderID, ProductID, CustomerID, TimeID, Quantity) values (4036, 2082, 1050, 5079, 410);
insert into Orders (OrderID, ProductID, CustomerID, TimeID, Quantity) values (4037, 2081, 1012, 5142, 229);
insert into Orders (OrderID, ProductID, CustomerID, TimeID, Quantity) values (4038, 2095, 1103, 5054, 771);
insert into Orders (OrderID, ProductID, CustomerID, TimeID, Quantity) values (4039, 2036, 1169, 5150, 187);
insert into Orders (OrderID, ProductID, CustomerID, TimeID, Quantity) values (4040, 2110, 1145, 5033, 882);
insert into Orders (OrderID, ProductID, CustomerID, TimeID, Quantity) values (4041, 2109, 1040, 5139, 255);
insert into Orders (OrderID, ProductID, CustomerID, TimeID, Quantity) values (4042, 2021, 1156, 5024, 529);
insert into Orders (OrderID, ProductID, CustomerID, TimeID, Quantity) values (4043, 2077, 1068, 5096, 276);
insert into Orders (OrderID, ProductID, CustomerID, TimeID, Quantity) values (4044, 2039, 1048, 5136, 224);
insert into Orders (OrderID, ProductID, CustomerID, TimeID, Quantity) values (4045, 2041, 1059, 5143, 902);
insert into Orders (OrderID, ProductID, CustomerID, TimeID, Quantity) values (4046, 2001, 1145, 5033, 674);
insert into Orders (OrderID, ProductID, CustomerID, TimeID, Quantity) values (4047, 2021, 1086, 5052, 234);
insert into Orders (OrderID, ProductID, CustomerID, TimeID, Quantity) values (4048, 2018, 1005, 5195, 238);
insert into Orders (OrderID, ProductID, CustomerID, TimeID, Quantity) values (4049, 2027, 1126, 5092, 118);
insert into Orders (OrderID, ProductID, CustomerID, TimeID, Quantity) values (4050, 2071, 1132, 5075, 302);
insert into Orders (OrderID, ProductID, CustomerID, TimeID, Quantity) values (4051, 2048, 1089, 5172, 166);
insert into Orders (OrderID, ProductID, CustomerID, TimeID, Quantity) values (4052, 2096, 1116, 5156, 566);
insert into Orders (OrderID, ProductID, CustomerID, TimeID, Quantity) values (4053, 2066, 1144, 5010, 560);
insert into Orders (OrderID, ProductID, CustomerID, TimeID, Quantity) values (4054, 2034, 1166, 5187, 970);
insert into Orders (OrderID, ProductID, CustomerID, TimeID, Quantity) values (4055, 2101, 1012, 5129, 446);
insert into Orders (OrderID, ProductID, CustomerID, TimeID, Quantity) values (4056, 2084, 1170, 5003, 755);
insert into Orders (OrderID, ProductID, CustomerID, TimeID, Quantity) values (4057, 2063, 1068, 5023, 426);
insert into Orders (OrderID, ProductID, CustomerID, TimeID, Quantity) values (4058, 2040, 1052, 5020, 133);
insert into Orders (OrderID, ProductID, CustomerID, TimeID, Quantity) values (4059, 2074, 1013, 5020, 199);
insert into Orders (OrderID, ProductID, CustomerID, TimeID, Quantity) values (4060, 2049, 1099, 5195, 512);
insert into Orders (OrderID, ProductID, CustomerID, TimeID, Quantity) values (4061, 2093, 1042, 5182, 266);
insert into Orders (OrderID, ProductID, CustomerID, TimeID, Quantity) values (4062, 2026, 1143, 5064, 153);
insert into Orders (OrderID, ProductID, CustomerID, TimeID, Quantity) values (4063, 2079, 1136, 5069, 569);
insert into Orders (OrderID, ProductID, CustomerID, TimeID, Quantity) values (4064, 2103, 1166, 5067, 996);
insert into Orders (OrderID, ProductID, CustomerID, TimeID, Quantity) values (4065, 2062, 1179, 5131, 770);
insert into Orders (OrderID, ProductID, CustomerID, TimeID, Quantity) values (4066, 2044, 1063, 5111, 181);
insert into Orders (OrderID, ProductID, CustomerID, TimeID, Quantity) values (4067, 2100, 1067, 5027, 423);
insert into Orders (OrderID, ProductID, CustomerID, TimeID, Quantity) values (4068, 2078, 1009, 5011, 809);
insert into Orders (OrderID, ProductID, CustomerID, TimeID, Quantity) values (4069, 2013, 1154, 5182, 580);
insert into Orders (OrderID, ProductID, CustomerID, TimeID, Quantity) values (4070, 2052, 1172, 5080, 825);
insert into Orders (OrderID, ProductID, CustomerID, TimeID, Quantity) values (4071, 2096, 1021, 5197, 553);
insert into Orders (OrderID, ProductID, CustomerID, TimeID, Quantity) values (4072, 2103, 1121, 5161, 989);
insert into Orders (OrderID, ProductID, CustomerID, TimeID, Quantity) values (4073, 2026, 1122, 5104, 738);
insert into Orders (OrderID, ProductID, CustomerID, TimeID, Quantity) values (4074, 2099, 1054, 5114, 105);
insert into Orders (OrderID, ProductID, CustomerID, TimeID, Quantity) values (4075, 2096, 1151, 5085, 301);
insert into Orders (OrderID, ProductID, CustomerID, TimeID, Quantity) values (4076, 2001, 1038, 5095, 461);
insert into Orders (OrderID, ProductID, CustomerID, TimeID, Quantity) values (4077, 2088, 1136, 5145, 321);
insert into Orders (OrderID, ProductID, CustomerID, TimeID, Quantity) values (4078, 2056, 1108, 5160, 628);
insert into Orders (OrderID, ProductID, CustomerID, TimeID, Quantity) values (4079, 2067, 1014, 5026, 214);
insert into Orders (OrderID, ProductID, CustomerID, TimeID, Quantity) values (4080, 2036, 1036, 5124, 958);
insert into Orders (OrderID, ProductID, CustomerID, TimeID, Quantity) values (4081, 2012, 1131, 5011, 692);
insert into Orders (OrderID, ProductID, CustomerID, TimeID, Quantity) values (4082, 2073, 1126, 5045, 953);
insert into Orders (OrderID, ProductID, CustomerID, TimeID, Quantity) values (4083, 2060, 1007, 5140, 718);
insert into Orders (OrderID, ProductID, CustomerID, TimeID, Quantity) values (4084, 2001, 1100, 5021, 878);
insert into Orders (OrderID, ProductID, CustomerID, TimeID, Quantity) values (4085, 2013, 1113, 5185, 146);
insert into Orders (OrderID, ProductID, CustomerID, TimeID, Quantity) values (4086, 2077, 1045, 5147, 957);
insert into Orders (OrderID, ProductID, CustomerID, TimeID, Quantity) values (4087, 2090, 1009, 5166, 572);
insert into Orders (OrderID, ProductID, CustomerID, TimeID, Quantity) values (4088, 2082, 1036, 5027, 682);
insert into Orders (OrderID, ProductID, CustomerID, TimeID, Quantity) values (4089, 2009, 1153, 5178, 501);
insert into Orders (OrderID, ProductID, CustomerID, TimeID, Quantity) values (4090, 2044, 1155, 5159, 514);
insert into Orders (OrderID, ProductID, CustomerID, TimeID, Quantity) values (4091, 2033, 1083, 5148, 398);
insert into Orders (OrderID, ProductID, CustomerID, TimeID, Quantity) values (4092, 2009, 1028, 5014, 382);
insert into Orders (OrderID, ProductID, CustomerID, TimeID, Quantity) values (4093, 2015, 1067, 5031, 938);
insert into Orders (OrderID, ProductID, CustomerID, TimeID, Quantity) values (4094, 2096, 1045, 5186, 783);
insert into Orders (OrderID, ProductID, CustomerID, TimeID, Quantity) values (4095, 2102, 1175, 5166, 389);
insert into Orders (OrderID, ProductID, CustomerID, TimeID, Quantity) values (4096, 2109, 1143, 5059, 462);
insert into Orders (OrderID, ProductID, CustomerID, TimeID, Quantity) values (4097, 2044, 1051, 5032, 115);
insert into Orders (OrderID, ProductID, CustomerID, TimeID, Quantity) values (4098, 2005, 1063, 5134, 165);
insert into Orders (OrderID, ProductID, CustomerID, TimeID, Quantity) values (4099, 2018, 1077, 5174, 433);
insert into Orders (OrderID, ProductID, CustomerID, TimeID, Quantity) values (4100, 2068, 1040, 5067, 920);
insert into Orders (OrderID, ProductID, CustomerID, TimeID, Quantity) values (4101, 2018, 1093, 5145, 404);
insert into Orders (OrderID, ProductID, CustomerID, TimeID, Quantity) values (4102, 2053, 1056, 5129, 392);
insert into Orders (OrderID, ProductID, CustomerID, TimeID, Quantity) values (4103, 2101, 1017, 5066, 370);
insert into Orders (OrderID, ProductID, CustomerID, TimeID, Quantity) values (4104, 2028, 1013, 5060, 930);
insert into Orders (OrderID, ProductID, CustomerID, TimeID, Quantity) values (4105, 2062, 1020, 5028, 399);
insert into Orders (OrderID, ProductID, CustomerID, TimeID, Quantity) values (4106, 2022, 1162, 5098, 617);
insert into Orders (OrderID, ProductID, CustomerID, TimeID, Quantity) values (4107, 2043, 1159, 5102, 826);
insert into Orders (OrderID, ProductID, CustomerID, TimeID, Quantity) values (4108, 2024, 1014, 5177, 222);
insert into Orders (OrderID, ProductID, CustomerID, TimeID, Quantity) values (4109, 2034, 1024, 5109, 364);
insert into Orders (OrderID, ProductID, CustomerID, TimeID, Quantity) values (4110, 2008, 1059, 5121, 927);
insert into Orders (OrderID, ProductID, CustomerID, TimeID, Quantity) values (4111, 2098, 1029, 5080, 306);
insert into Orders (OrderID, ProductID, CustomerID, TimeID, Quantity) values (4112, 2092, 1004, 5051, 120);
insert into Orders (OrderID, ProductID, CustomerID, TimeID, Quantity) values (4113, 2088, 1126, 5091, 311);
insert into Orders (OrderID, ProductID, CustomerID, TimeID, Quantity) values (4114, 2039, 1166, 5039, 674);
insert into Orders (OrderID, ProductID, CustomerID, TimeID, Quantity) values (4115, 2017, 1018, 5064, 677);
insert into Orders (OrderID, ProductID, CustomerID, TimeID, Quantity) values (4116, 2081, 1134, 5004, 305);
insert into Orders (OrderID, ProductID, CustomerID, TimeID, Quantity) values (4117, 2020, 1065, 5096, 694);
insert into Orders (OrderID, ProductID, CustomerID, TimeID, Quantity) values (4118, 2033, 1065, 5069, 992);
insert into Orders (OrderID, ProductID, CustomerID, TimeID, Quantity) values (4119, 2074, 1046, 5068, 939);
insert into Orders (OrderID, ProductID, CustomerID, TimeID, Quantity) values (4120, 2051, 1055, 5157, 727);
insert into Orders (OrderID, ProductID, CustomerID, TimeID, Quantity) values (4121, 2048, 1021, 5097, 818);
insert into Orders (OrderID, ProductID, CustomerID, TimeID, Quantity) values (4122, 2065, 1171, 5006, 523);
insert into Orders (OrderID, ProductID, CustomerID, TimeID, Quantity) values (4123, 2100, 1153, 5043, 614);
insert into Orders (OrderID, ProductID, CustomerID, TimeID, Quantity) values (4124, 2038, 1081, 5132, 861);
insert into Orders (OrderID, ProductID, CustomerID, TimeID, Quantity) values (4125, 2029, 1031, 5004, 192);
insert into Orders (OrderID, ProductID, CustomerID, TimeID, Quantity) values (4126, 2063, 1169, 5076, 695);
insert into Orders (OrderID, ProductID, CustomerID, TimeID, Quantity) values (4127, 2026, 1096, 5017, 749);
insert into Orders (OrderID, ProductID, CustomerID, TimeID, Quantity) values (4128, 2028, 1069, 5002, 858);
insert into Orders (OrderID, ProductID, CustomerID, TimeID, Quantity) values (4129, 2033, 1093, 5052, 368);
insert into Orders (OrderID, ProductID, CustomerID, TimeID, Quantity) values (4130, 2100, 1046, 5050, 588);
insert into Orders (OrderID, ProductID, CustomerID, TimeID, Quantity) values (4131, 2052, 1162, 5148, 179);
insert into Orders (OrderID, ProductID, CustomerID, TimeID, Quantity) values (4132, 2074, 1174, 5029, 586);
insert into Orders (OrderID, ProductID, CustomerID, TimeID, Quantity) values (4133, 2057, 1039, 5129, 469);
insert into Orders (OrderID, ProductID, CustomerID, TimeID, Quantity) values (4134, 2034, 1036, 5154, 241);
insert into Orders (OrderID, ProductID, CustomerID, TimeID, Quantity) values (4135, 2003, 1016, 5121, 427);
insert into Orders (OrderID, ProductID, CustomerID, TimeID, Quantity) values (4136, 2055, 1074, 5164, 983);
insert into Orders (OrderID, ProductID, CustomerID, TimeID, Quantity) values (4137, 2019, 1079, 5191, 178);
insert into Orders (OrderID, ProductID, CustomerID, TimeID, Quantity) values (4138, 2049, 1070, 5094, 222);
insert into Orders (OrderID, ProductID, CustomerID, TimeID, Quantity) values (4139, 2061, 1022, 5055, 797);
insert into Orders (OrderID, ProductID, CustomerID, TimeID, Quantity) values (4140, 2011, 1176, 5048, 234);
insert into Orders (OrderID, ProductID, CustomerID, TimeID, Quantity) values (4141, 2087, 1109, 5050, 902);
insert into Orders (OrderID, ProductID, CustomerID, TimeID, Quantity) values (4142, 2071, 1042, 5182, 176);
insert into Orders (OrderID, ProductID, CustomerID, TimeID, Quantity) values (4143, 2020, 1038, 5089, 523);
insert into Orders (OrderID, ProductID, CustomerID, TimeID, Quantity) values (4144, 2009, 1088, 5157, 579);
insert into Orders (OrderID, ProductID, CustomerID, TimeID, Quantity) values (4145, 2021, 1111, 5040, 619);
insert into Orders (OrderID, ProductID, CustomerID, TimeID, Quantity) values (4146, 2033, 1142, 5065, 449);
insert into Orders (OrderID, ProductID, CustomerID, TimeID, Quantity) values (4147, 2101, 1088, 5096, 603);
insert into Orders (OrderID, ProductID, CustomerID, TimeID, Quantity) values (4148, 2094, 1112, 5072, 351);
insert into Orders (OrderID, ProductID, CustomerID, TimeID, Quantity) values (4149, 2095, 1029, 5009, 929);
insert into Orders (OrderID, ProductID, CustomerID, TimeID, Quantity) values (4150, 2059, 1169, 5186, 558);
insert into Orders (OrderID, ProductID, CustomerID, TimeID, Quantity) values (4151, 2100, 1086, 5074, 740);
insert into Orders (OrderID, ProductID, CustomerID, TimeID, Quantity) values (4152, 2077, 1162, 5059, 696);
insert into Orders (OrderID, ProductID, CustomerID, TimeID, Quantity) values (4153, 2043, 1115, 5059, 405);
insert into Orders (OrderID, ProductID, CustomerID, TimeID, Quantity) values (4154, 2082, 1122, 5072, 874);
insert into Orders (OrderID, ProductID, CustomerID, TimeID, Quantity) values (4155, 2051, 1163, 5084, 258);
insert into Orders (OrderID, ProductID, CustomerID, TimeID, Quantity) values (4156, 2012, 1045, 5022, 764);
insert into Orders (OrderID, ProductID, CustomerID, TimeID, Quantity) values (4157, 2006, 1017, 5143, 166);
insert into Orders (OrderID, ProductID, CustomerID, TimeID, Quantity) values (4158, 2068, 1163, 5101, 900);
insert into Orders (OrderID, ProductID, CustomerID, TimeID, Quantity) values (4159, 2067, 1131, 5153, 867);
insert into Orders (OrderID, ProductID, CustomerID, TimeID, Quantity) values (4160, 2026, 1046, 5109, 717);
insert into Orders (OrderID, ProductID, CustomerID, TimeID, Quantity) values (4161, 2065, 1065, 5099, 546);
insert into Orders (OrderID, ProductID, CustomerID, TimeID, Quantity) values (4162, 2055, 1012, 5058, 644);
insert into Orders (OrderID, ProductID, CustomerID, TimeID, Quantity) values (4163, 2079, 1150, 5103, 387);
insert into Orders (OrderID, ProductID, CustomerID, TimeID, Quantity) values (4164, 2039, 1154, 5017, 413);
insert into Orders (OrderID, ProductID, CustomerID, TimeID, Quantity) values (4165, 2059, 1132, 5171, 434);
insert into Orders (OrderID, ProductID, CustomerID, TimeID, Quantity) values (4166, 2054, 1085, 5127, 544);
insert into Orders (OrderID, ProductID, CustomerID, TimeID, Quantity) values (4167, 2075, 1029, 5134, 818);
insert into Orders (OrderID, ProductID, CustomerID, TimeID, Quantity) values (4168, 2034, 1128, 5103, 659);
insert into Orders (OrderID, ProductID, CustomerID, TimeID, Quantity) values (4169, 2014, 1127, 5077, 825);
insert into Orders (OrderID, ProductID, CustomerID, TimeID, Quantity) values (4170, 2081, 1133, 5008, 560);
insert into Orders (OrderID, ProductID, CustomerID, TimeID, Quantity) values (4171, 2043, 1040, 5101, 292);
insert into Orders (OrderID, ProductID, CustomerID, TimeID, Quantity) values (4172, 2106, 1056, 5116, 704);
insert into Orders (OrderID, ProductID, CustomerID, TimeID, Quantity) values (4173, 2002, 1104, 5021, 261);
insert into Orders (OrderID, ProductID, CustomerID, TimeID, Quantity) values (4174, 2081, 1156, 5013, 517);
insert into Orders (OrderID, ProductID, CustomerID, TimeID, Quantity) values (4175, 2015, 1062, 5127, 134);
insert into Orders (OrderID, ProductID, CustomerID, TimeID, Quantity) values (4176, 2092, 1177, 5038, 743);
insert into Orders (OrderID, ProductID, CustomerID, TimeID, Quantity) values (4177, 2059, 1092, 5052, 970);
insert into Orders (OrderID, ProductID, CustomerID, TimeID, Quantity) values (4178, 2061, 1085, 5128, 749);
insert into Orders (OrderID, ProductID, CustomerID, TimeID, Quantity) values (4179, 2033, 1005, 5117, 458);
insert into Orders (OrderID, ProductID, CustomerID, TimeID, Quantity) values (4180, 2053, 1168, 5118, 918);
insert into Orders (OrderID, ProductID, CustomerID, TimeID, Quantity) values (4181, 2041, 1121, 5055, 665);
insert into Orders (OrderID, ProductID, CustomerID, TimeID, Quantity) values (4182, 2080, 1030, 5113, 273);
insert into Orders (OrderID, ProductID, CustomerID, TimeID, Quantity) values (4183, 2072, 1172, 5185, 512);
insert into Orders (OrderID, ProductID, CustomerID, TimeID, Quantity) values (4184, 2105, 1144, 5073, 845);
insert into Orders (OrderID, ProductID, CustomerID, TimeID, Quantity) values (4185, 2006, 1141, 5200, 729);
insert into Orders (OrderID, ProductID, CustomerID, TimeID, Quantity) values (4186, 2022, 1136, 5027, 577);
insert into Orders (OrderID, ProductID, CustomerID, TimeID, Quantity) values (4187, 2016, 1082, 5108, 648);
insert into Orders (OrderID, ProductID, CustomerID, TimeID, Quantity) values (4188, 2007, 1088, 5057, 132);
insert into Orders (OrderID, ProductID, CustomerID, TimeID, Quantity) values (4189, 2021, 1150, 5048, 543);
insert into Orders (OrderID, ProductID, CustomerID, TimeID, Quantity) values (4190, 2024, 1052, 5009, 709);
insert into Orders (OrderID, ProductID, CustomerID, TimeID, Quantity) values (4191, 2110, 1025, 5155, 720);
insert into Orders (OrderID, ProductID, CustomerID, TimeID, Quantity) values (4192, 2044, 1014, 5043, 352);
insert into Orders (OrderID, ProductID, CustomerID, TimeID, Quantity) values (4193, 2034, 1075, 5168, 589);
insert into Orders (OrderID, ProductID, CustomerID, TimeID, Quantity) values (4194, 2091, 1178, 5143, 173);
insert into Orders (OrderID, ProductID, CustomerID, TimeID, Quantity) values (4195, 2006, 1063, 5111, 175);
insert into Orders (OrderID, ProductID, CustomerID, TimeID, Quantity) values (4196, 2028, 1090, 5043, 847);
insert into Orders (OrderID, ProductID, CustomerID, TimeID, Quantity) values (4197, 2047, 1111, 5155, 651);
insert into Orders (OrderID, ProductID, CustomerID, TimeID, Quantity) values (4198, 2046, 1049, 5057, 530);
insert into Orders (OrderID, ProductID, CustomerID, TimeID, Quantity) values (4199, 2102, 1153, 5092, 852);
insert into Orders (OrderID, ProductID, CustomerID, TimeID, Quantity) values (4200, 2034, 1083, 5061, 350);
insert into Orders (OrderID, ProductID, CustomerID, TimeID, Quantity) values (4201, 2051, 1031, 5114, 534);
insert into Orders (OrderID, ProductID, CustomerID, TimeID, Quantity) values (4202, 2035, 1069, 5111, 715);
insert into Orders (OrderID, ProductID, CustomerID, TimeID, Quantity) values (4203, 2057, 1167, 5123, 602);
insert into Orders (OrderID, ProductID, CustomerID, TimeID, Quantity) values (4204, 2031, 1006, 5027, 399);
insert into Orders (OrderID, ProductID, CustomerID, TimeID, Quantity) values (4205, 2025, 1143, 5128, 878);
insert into Orders (OrderID, ProductID, CustomerID, TimeID, Quantity) values (4206, 2071, 1173, 5115, 798);
insert into Orders (OrderID, ProductID, CustomerID, TimeID, Quantity) values (4207, 2075, 1001, 5096, 911);
insert into Orders (OrderID, ProductID, CustomerID, TimeID, Quantity) values (4208, 2072, 1125, 5102, 147);
insert into Orders (OrderID, ProductID, CustomerID, TimeID, Quantity) values (4209, 2109, 1179, 5194, 813);
insert into Orders (OrderID, ProductID, CustomerID, TimeID, Quantity) values (4210, 2088, 1149, 5179, 693);
insert into Orders (OrderID, ProductID, CustomerID, TimeID, Quantity) values (4211, 2089, 1172, 5030, 723);
insert into Orders (OrderID, ProductID, CustomerID, TimeID, Quantity) values (4212, 2063, 1175, 5078, 337);
insert into Orders (OrderID, ProductID, CustomerID, TimeID, Quantity) values (4213, 2032, 1031, 5146, 836);
insert into Orders (OrderID, ProductID, CustomerID, TimeID, Quantity) values (4214, 2002, 1044, 5006, 515);
insert into Orders (OrderID, ProductID, CustomerID, TimeID, Quantity) values (4215, 2058, 1049, 5196, 109);
insert into Orders (OrderID, ProductID, CustomerID, TimeID, Quantity) values (4216, 2025, 1096, 5121, 777);
insert into Orders (OrderID, ProductID, CustomerID, TimeID, Quantity) values (4217, 2030, 1100, 5120, 324);
insert into Orders (OrderID, ProductID, CustomerID, TimeID, Quantity) values (4218, 2087, 1005, 5019, 603);
insert into Orders (OrderID, ProductID, CustomerID, TimeID, Quantity) values (4219, 2076, 1048, 5200, 365);
insert into Orders (OrderID, ProductID, CustomerID, TimeID, Quantity) values (4220, 2010, 1078, 5182, 137);
insert into Orders (OrderID, ProductID, CustomerID, TimeID, Quantity) values (4221, 2048, 1058, 5107, 553);
insert into Orders (OrderID, ProductID, CustomerID, TimeID, Quantity) values (4222, 2109, 1173, 5185, 984);
insert into Orders (OrderID, ProductID, CustomerID, TimeID, Quantity) values (4223, 2043, 1134, 5035, 853);
insert into Orders (OrderID, ProductID, CustomerID, TimeID, Quantity) values (4224, 2069, 1026, 5035, 755);
insert into Orders (OrderID, ProductID, CustomerID, TimeID, Quantity) values (4225, 2055, 1083, 5029, 118);
insert into Orders (OrderID, ProductID, CustomerID, TimeID, Quantity) values (4226, 2062, 1033, 5010, 571);
insert into Orders (OrderID, ProductID, CustomerID, TimeID, Quantity) values (4227, 2036, 1061, 5174, 231);
insert into Orders (OrderID, ProductID, CustomerID, TimeID, Quantity) values (4228, 2058, 1049, 5096, 662);
insert into Orders (OrderID, ProductID, CustomerID, TimeID, Quantity) values (4229, 2057, 1166, 5078, 336);
insert into Orders (OrderID, ProductID, CustomerID, TimeID, Quantity) values (4230, 2056, 1046, 5127, 402);
insert into Orders (OrderID, ProductID, CustomerID, TimeID, Quantity) values (4231, 2110, 1159, 5003, 575);
insert into Orders (OrderID, ProductID, CustomerID, TimeID, Quantity) values (4232, 2025, 1033, 5182, 156);
insert into Orders (OrderID, ProductID, CustomerID, TimeID, Quantity) values (4233, 2071, 1007, 5030, 935);
insert into Orders (OrderID, ProductID, CustomerID, TimeID, Quantity) values (4234, 2074, 1048, 5074, 399);
insert into Orders (OrderID, ProductID, CustomerID, TimeID, Quantity) values (4235, 2029, 1176, 5013, 106);
insert into Orders (OrderID, ProductID, CustomerID, TimeID, Quantity) values (4236, 2059, 1162, 5044, 418);
insert into Orders (OrderID, ProductID, CustomerID, TimeID, Quantity) values (4237, 2075, 1089, 5041, 925);
insert into Orders (OrderID, ProductID, CustomerID, TimeID, Quantity) values (4238, 2033, 1179, 5093, 726);
insert into Orders (OrderID, ProductID, CustomerID, TimeID, Quantity) values (4239, 2056, 1079, 5134, 517);
insert into Orders (OrderID, ProductID, CustomerID, TimeID, Quantity) values (4240, 2094, 1046, 5099, 369);
insert into Orders (OrderID, ProductID, CustomerID, TimeID, Quantity) values (4241, 2083, 1086, 5194, 831);
insert into Orders (OrderID, ProductID, CustomerID, TimeID, Quantity) values (4242, 2099, 1084, 5152, 997);
insert into Orders (OrderID, ProductID, CustomerID, TimeID, Quantity) values (4243, 2033, 1107, 5092, 514);
insert into Orders (OrderID, ProductID, CustomerID, TimeID, Quantity) values (4244, 2078, 1178, 5053, 745);
insert into Orders (OrderID, ProductID, CustomerID, TimeID, Quantity) values (4245, 2029, 1019, 5133, 130);
insert into Orders (OrderID, ProductID, CustomerID, TimeID, Quantity) values (4246, 2108, 1061, 5057, 945);
insert into Orders (OrderID, ProductID, CustomerID, TimeID, Quantity) values (4247, 2105, 1034, 5168, 162);
insert into Orders (OrderID, ProductID, CustomerID, TimeID, Quantity) values (4248, 2032, 1102, 5019, 372);
insert into Orders (OrderID, ProductID, CustomerID, TimeID, Quantity) values (4249, 2074, 1034, 5047, 406);
insert into Orders (OrderID, ProductID, CustomerID, TimeID, Quantity) values (4250, 2050, 1011, 5163, 163);
insert into Orders (OrderID, ProductID, CustomerID, TimeID, Quantity) values (4251, 2102, 1048, 5070, 379);
insert into Orders (OrderID, ProductID, CustomerID, TimeID, Quantity) values (4252, 2110, 1076, 5056, 242);
insert into Orders (OrderID, ProductID, CustomerID, TimeID, Quantity) values (4253, 2015, 1140, 5149, 197);
insert into Orders (OrderID, ProductID, CustomerID, TimeID, Quantity) values (4254, 2034, 1143, 5142, 139);
insert into Orders (OrderID, ProductID, CustomerID, TimeID, Quantity) values (4255, 2095, 1115, 5061, 527);
insert into Orders (OrderID, ProductID, CustomerID, TimeID, Quantity) values (4256, 2087, 1163, 5083, 794);
insert into Orders (OrderID, ProductID, CustomerID, TimeID, Quantity) values (4257, 2066, 1001, 5166, 306);
insert into Orders (OrderID, ProductID, CustomerID, TimeID, Quantity) values (4258, 2003, 1082, 5168, 412);
insert into Orders (OrderID, ProductID, CustomerID, TimeID, Quantity) values (4259, 2059, 1099, 5017, 751);
insert into Orders (OrderID, ProductID, CustomerID, TimeID, Quantity) values (4260, 2065, 1052, 5067, 459);
insert into Orders (OrderID, ProductID, CustomerID, TimeID, Quantity) values (4261, 2078, 1143, 5020, 806);
insert into Orders (OrderID, ProductID, CustomerID, TimeID, Quantity) values (4262, 2092, 1146, 5161, 844);
insert into Orders (OrderID, ProductID, CustomerID, TimeID, Quantity) values (4263, 2021, 1176, 5153, 627);
insert into Orders (OrderID, ProductID, CustomerID, TimeID, Quantity) values (4264, 2025, 1081, 5181, 312);
insert into Orders (OrderID, ProductID, CustomerID, TimeID, Quantity) values (4265, 2052, 1142, 5125, 431);
insert into Orders (OrderID, ProductID, CustomerID, TimeID, Quantity) values (4266, 2074, 1022, 5035, 933);
insert into Orders (OrderID, ProductID, CustomerID, TimeID, Quantity) values (4267, 2039, 1067, 5018, 253);
insert into Orders (OrderID, ProductID, CustomerID, TimeID, Quantity) values (4268, 2058, 1034, 5045, 375);
insert into Orders (OrderID, ProductID, CustomerID, TimeID, Quantity) values (4269, 2108, 1125, 5148, 966);
insert into Orders (OrderID, ProductID, CustomerID, TimeID, Quantity) values (4270, 2106, 1033, 5198, 747);
insert into Orders (OrderID, ProductID, CustomerID, TimeID, Quantity) values (4271, 2073, 1045, 5147, 407);
insert into Orders (OrderID, ProductID, CustomerID, TimeID, Quantity) values (4272, 2100, 1092, 5013, 985);
insert into Orders (OrderID, ProductID, CustomerID, TimeID, Quantity) values (4273, 2019, 1095, 5022, 311);
insert into Orders (OrderID, ProductID, CustomerID, TimeID, Quantity) values (4274, 2048, 1094, 5177, 875);
insert into Orders (OrderID, ProductID, CustomerID, TimeID, Quantity) values (4275, 2099, 1032, 5114, 475);
insert into Orders (OrderID, ProductID, CustomerID, TimeID, Quantity) values (4276, 2047, 1138, 5118, 257);
insert into Orders (OrderID, ProductID, CustomerID, TimeID, Quantity) values (4277, 2005, 1136, 5134, 578);
insert into Orders (OrderID, ProductID, CustomerID, TimeID, Quantity) values (4278, 2108, 1077, 5124, 858);
insert into Orders (OrderID, ProductID, CustomerID, TimeID, Quantity) values (4279, 2108, 1146, 5192, 147);
insert into Orders (OrderID, ProductID, CustomerID, TimeID, Quantity) values (4280, 2021, 1060, 5061, 961);
insert into Orders (OrderID, ProductID, CustomerID, TimeID, Quantity) values (4281, 2024, 1162, 5179, 685);
insert into Orders (OrderID, ProductID, CustomerID, TimeID, Quantity) values (4282, 2068, 1143, 5052, 892);
insert into Orders (OrderID, ProductID, CustomerID, TimeID, Quantity) values (4283, 2009, 1030, 5029, 234);
insert into Orders (OrderID, ProductID, CustomerID, TimeID, Quantity) values (4284, 2041, 1001, 5027, 912);
insert into Orders (OrderID, ProductID, CustomerID, TimeID, Quantity) values (4285, 2060, 1008, 5070, 843);
insert into Orders (OrderID, ProductID, CustomerID, TimeID, Quantity) values (4286, 2004, 1079, 5142, 112);
insert into Orders (OrderID, ProductID, CustomerID, TimeID, Quantity) values (4287, 2016, 1032, 5115, 727);
insert into Orders (OrderID, ProductID, CustomerID, TimeID, Quantity) values (4288, 2086, 1106, 5113, 588);
insert into Orders (OrderID, ProductID, CustomerID, TimeID, Quantity) values (4289, 2068, 1132, 5016, 182);
insert into Orders (OrderID, ProductID, CustomerID, TimeID, Quantity) values (4290, 2028, 1055, 5037, 877);
insert into Orders (OrderID, ProductID, CustomerID, TimeID, Quantity) values (4291, 2069, 1179, 5109, 760);
insert into Orders (OrderID, ProductID, CustomerID, TimeID, Quantity) values (4292, 2080, 1084, 5086, 554);
insert into Orders (OrderID, ProductID, CustomerID, TimeID, Quantity) values (4293, 2089, 1135, 5053, 981);
insert into Orders (OrderID, ProductID, CustomerID, TimeID, Quantity) values (4294, 2091, 1011, 5052, 906);
insert into Orders (OrderID, ProductID, CustomerID, TimeID, Quantity) values (4295, 2033, 1013, 5152, 514);
insert into Orders (OrderID, ProductID, CustomerID, TimeID, Quantity) values (4296, 2058, 1171, 5086, 811);
insert into Orders (OrderID, ProductID, CustomerID, TimeID, Quantity) values (4297, 2027, 1072, 5031, 654);
insert into Orders (OrderID, ProductID, CustomerID, TimeID, Quantity) values (4298, 2027, 1053, 5117, 501);
insert into Orders (OrderID, ProductID, CustomerID, TimeID, Quantity) values (4299, 2103, 1053, 5096, 869);
insert into Orders (OrderID, ProductID, CustomerID, TimeID, Quantity) values (4300, 2090, 1157, 5068, 706);

create table Product (
	ProductID INT,
	ProductName VARCHAR(41),
	CategoryID INT,
	Price INT,
	Quantity INT
);
insert into Product (ProductID, ProductName, CategoryID, Price, Quantity) values (2001, 'QuantumGlow Smartwatch', 3001, 7072, 1300);
insert into Product (ProductID, ProductName, CategoryID, Price, Quantity) values (2002, 'NebulaBeam Bluetooth Speaker', 3001, 8181, 1349);
insert into Product (ProductID, ProductName, CategoryID, Price, Quantity) values (2003, 'TechTrance Noise-Canceling Headphones', 3001, 6674, 2045);
insert into Product (ProductID, ProductName, CategoryID, Price, Quantity) values (2004, 'PixelFlare Ultra HD Monitor', 3001, 9638, 1979);
insert into Product (ProductID, ProductName, CategoryID, Price, Quantity) values (2005, 'QuantumTouch Wireless Charger', 3001, 1364, 1717);
insert into Product (ProductID, ProductName, CategoryID, Price, Quantity) values (2006, 'EchoSync Smart Home Hub', 3001, 2584, 1690);
insert into Product (ProductID, ProductName, CategoryID, Price, Quantity) values (2007, 'NovaPixel LED Gaming Keyboard', 3001, 4193, 1420);
insert into Product (ProductID, ProductName, CategoryID, Price, Quantity) values (2008, 'SparkSonic True Wireless Earbuds', 3001, 5892, 1343);
insert into Product (ProductID, ProductName, CategoryID, Price, Quantity) values (2009, 'QuantumLink Smart Thermostat', 3001, 4243, 1292);
insert into Product (ProductID, ProductName, CategoryID, Price, Quantity) values (2010, 'Cybersurge VR Headset', 3001, 8443, 1515);
insert into Product (ProductID, ProductName, CategoryID, Price, Quantity) values (2011, 'StellarStream 4K Streaming Device', 3001, 1454, 1138);
insert into Product (ProductID, ProductName, CategoryID, Price, Quantity) values (2012, 'QuantumWave Foldable Drone', 3001, 2833, 1703);
insert into Product (ProductID, ProductName, CategoryID, Price, Quantity) values (2013, 'ZephyrZoom High-Speed Router', 3001, 9784, 1927);
insert into Product (ProductID, ProductName, CategoryID, Price, Quantity) values (2014, 'BlazeByte Gaming Mouse', 3001, 5260, 1125);
insert into Product (ProductID, ProductName, CategoryID, Price, Quantity) values (2015, 'LunaLume Portable Projector', 3001, 9310, 1271);
insert into Product (ProductID, ProductName, CategoryID, Price, Quantity) values (2016, 'QuantumSync Fitness Tracker', 3001, 8126, 1727);
insert into Product (ProductID, ProductName, CategoryID, Price, Quantity) values (2017, 'PixelPulse Webcam Pro', 3001, 1899, 1220);
insert into Product (ProductID, ProductName, CategoryID, Price, Quantity) values (2018, 'ZenithZone Home Security Camera', 3001, 3366, 1833);
insert into Product (ProductID, ProductName, CategoryID, Price, Quantity) values (2019, 'TerraTech Electric Scooter', 3001, 6371, 1756);
insert into Product (ProductID, ProductName, CategoryID, Price, Quantity) values (2020, 'NovaNest Smart Refrigerator', 3001, 4498, 1494);
insert into Product (ProductID, ProductName, CategoryID, Price, Quantity) values (2021, 'SolarScribe Solar-Powered Charger', 3001, 9709, 1244);
insert into Product (ProductID, ProductName, CategoryID, Price, Quantity) values (2022, 'BlazeBeam 3D Printer', 3001, 4009, 1908);
insert into Product (ProductID, ProductName, CategoryID, Price, Quantity) values (2023, 'AquaArc Waterproof Bluetooth Earphones', 3001, 9816, 1557);
insert into Product (ProductID, ProductName, CategoryID, Price, Quantity) values (2024, 'EmberEcho E-Reader Tablet', 3001, 9829, 1832);
insert into Product (ProductID, ProductName, CategoryID, Price, Quantity) values (2025, 'VelvetVista AR Glasses', 3001, 9583, 1562);
insert into Product (ProductID, ProductName, CategoryID, Price, Quantity) values (2026, 'HarmonyHaven Sectional Sofa', 3003, 4827, 1312);
insert into Product (ProductID, ProductName, CategoryID, Price, Quantity) values (2027, 'ZenithWood Coffee Table', 3003, 9435, 1272);
insert into Product (ProductID, ProductName, CategoryID, Price, Quantity) values (2028, 'VelvetVista Lounge Chair', 3003, 7002, 1775);
insert into Product (ProductID, ProductName, CategoryID, Price, Quantity) values (2029, 'NimbusNest Bedside Table', 3003, 5310, 1675);
insert into Product (ProductID, ProductName, CategoryID, Price, Quantity) values (2030, 'TerraTreasure Dining Set', 3003, 9578, 2074);
insert into Product (ProductID, ProductName, CategoryID, Price, Quantity) values (2031, 'SparkSculpt Bookshelf', 3003, 9686, 1463);
insert into Product (ProductID, ProductName, CategoryID, Price, Quantity) values (2032, 'MysticMirth Accent Chair', 3003, 4321, 1204);
insert into Product (ProductID, ProductName, CategoryID, Price, Quantity) values (2033, 'LunaLume Floor Lamp', 3003, 4343, 1557);
insert into Product (ProductID, ProductName, CategoryID, Price, Quantity) values (2034, 'NovaPixel Recliner', 3003, 3471, 1255);
insert into Product (ProductID, ProductName, CategoryID, Price, Quantity) values (2035, 'QuantumQuill Writing Desk', 3003, 3402, 1902);
insert into Product (ProductID, ProductName, CategoryID, Price, Quantity) values (2036, 'EmberEnigma Ottoman', 3003, 2692, 2008);
insert into Product (ProductID, ProductName, CategoryID, Price, Quantity) values (2037, 'SolarSculpt Dresser', 3003, 2988, 1485);
insert into Product (ProductID, ProductName, CategoryID, Price, Quantity) values (2038, 'AquaArbor Bar Stool', 3003, 5768, 1215);
insert into Product (ProductID, ProductName, CategoryID, Price, Quantity) values (2039, 'BlazeBreeze Wardrobe', 3003, 6412, 1958);
insert into Product (ProductID, ProductName, CategoryID, Price, Quantity) values (2040, 'PixelPalace Bed Frame', 3003, 8883, 2060);
insert into Product (ProductID, ProductName, CategoryID, Price, Quantity) values (2041, 'EchoEmber Rocking Chair', 3003, 2004, 2050);
insert into Product (ProductID, ProductName, CategoryID, Price, Quantity) values (2042, 'SilverSpire Vanity Mirror', 3003, 1326, 1150);
insert into Product (ProductID, ProductName, CategoryID, Price, Quantity) values (2043, 'LunarLoom Outdoor Bench', 3003, 5541, 1512);
insert into Product (ProductID, ProductName, CategoryID, Price, Quantity) values (2044, 'CrystalCrest Entryway Table', 3003, 6177, 1878);
insert into Product (ProductID, ProductName, CategoryID, Price, Quantity) values (2045, 'PentaPetal Floating Shelves', 3003, 8446, 1410);
insert into Product (ProductID, ProductName, CategoryID, Price, Quantity) values (2046, 'CelestialChic Denim Jacket', 3002, 8631, 1864);
insert into Product (ProductID, ProductName, CategoryID, Price, Quantity) values (2047, 'UrbanUtopia Tailored Trousers', 3002, 1572, 1677);
insert into Product (ProductID, ProductName, CategoryID, Price, Quantity) values (2048, 'VelvetVogue Wrap Dress', 3002, 6338, 2141);
insert into Product (ProductID, ProductName, CategoryID, Price, Quantity) values (2049, 'MysticMingle Boho Blouse', 3002, 6975, 1946);
insert into Product (ProductID, ProductName, CategoryID, Price, Quantity) values (2050, 'NovaNest Athleisure Leggings', 3002, 6080, 1944);
insert into Product (ProductID, ProductName, CategoryID, Price, Quantity) values (2051, 'SparkSculpt Cashmere Sweater', 3002, 3375, 2138);
insert into Product (ProductID, ProductName, CategoryID, Price, Quantity) values (2052, 'QuantumQuill Dapper Bow Tie', 3002, 2197, 1152);
insert into Product (ProductID, ProductName, CategoryID, Price, Quantity) values (2053, 'EmberEnigma Linen Jumpsuit', 3002, 8641, 1323);
insert into Product (ProductID, ProductName, CategoryID, Price, Quantity) values (2054, 'SolarStyle Maxi Skirt', 3002, 3637, 1984);
insert into Product (ProductID, ProductName, CategoryID, Price, Quantity) values (2055, 'AquaArbor Knit Cardigan', 3002, 4171, 1197);
insert into Product (ProductID, ProductName, CategoryID, Price, Quantity) values (2056, 'CelestialGlow Illuminating Primer', 3005, 5634, 1697);
insert into Product (ProductID, ProductName, CategoryID, Price, Quantity) values (2057, 'VelvetVista Radiance Foundation', 3005, 9936, 1966);
insert into Product (ProductID, ProductName, CategoryID, Price, Quantity) values (2058, 'MysticMingle Enchanting Eyeshadow Palette', 3005, 7012, 2104);
insert into Product (ProductID, ProductName, CategoryID, Price, Quantity) values (2059, 'SolarSculpt Sculpting Contour Stick', 3005, 8375, 1913);
insert into Product (ProductID, ProductName, CategoryID, Price, Quantity) values (2060, 'QuantumQuill Precision Liquid Liner', 3005, 1201, 1969);
insert into Product (ProductID, ProductName, CategoryID, Price, Quantity) values (2061, 'EmberEnigma Luscious Lip Stain', 3005, 1625, 1537);
insert into Product (ProductID, ProductName, CategoryID, Price, Quantity) values (2062, 'AquaArbor Hydrating Setting Spray', 3005, 4104, 1983);
insert into Product (ProductID, ProductName, CategoryID, Price, Quantity) values (2063, 'SparkSculpt Creamy Concealer', 3005, 6109, 1807);
insert into Product (ProductID, ProductName, CategoryID, Price, Quantity) values (2064, 'LunaLume Moonlit Highlighter', 3005, 9353, 1836);
insert into Product (ProductID, ProductName, CategoryID, Price, Quantity) values (2065, 'PixelPalace Pastel Blush Palette', 3005, 2959, 2149);
insert into Product (ProductID, ProductName, CategoryID, Price, Quantity) values (2066, 'ZenZest Floral Infusion Perfume', 3005, 7912, 1666);
insert into Product (ProductID, ProductName, CategoryID, Price, Quantity) values (2067, 'NovaNectar Nourishing Lip Balm', 3005, 7058, 1748);
insert into Product (ProductID, ProductName, CategoryID, Price, Quantity) values (2068, 'CrystalCrest Crystalized Nail Polish', 3005, 4784, 1643);
insert into Product (ProductID, ProductName, CategoryID, Price, Quantity) values (2069, 'SilverSpire Silky Setting Powder', 3005, 6138, 1990);
insert into Product (ProductID, ProductName, CategoryID, Price, Quantity) values (2070, 'LunarLoom Lash Lengthening Mascara', 3005, 5718, 1668);
insert into Product (ProductID, ProductName, CategoryID, Price, Quantity) values (2071, 'BlazeBreeze Bold Brow Gel', 3005, 8378, 1512);
insert into Product (ProductID, ProductName, CategoryID, Price, Quantity) values (2072, 'TwistedTwig Twilight Tinted Moisturizer', 3005, 3690, 2118);
insert into Product (ProductID, ProductName, CategoryID, Price, Quantity) values (2073, 'PentaPetal Petal-Soft Blending Sponge', 3005, 7123, 1519);
insert into Product (ProductID, ProductName, CategoryID, Price, Quantity) values (2074, 'TerraTreasure Terracotta Bronzing Powder', 3005, 6593, 1637);
insert into Product (ProductID, ProductName, CategoryID, Price, Quantity) values (2075, 'SolarStyle Shimmering Body Lotion', 3005, 3461, 1369);
insert into Product (ProductID, ProductName, CategoryID, Price, Quantity) values (2076, 'AquaArc Aquatic-Inspired Eyeliner', 3005, 6825, 1457);
insert into Product (ProductID, ProductName, CategoryID, Price, Quantity) values (2077, 'QuantumGlow Glitter Gel', 3005, 6318, 2143);
insert into Product (ProductID, ProductName, CategoryID, Price, Quantity) values (2078, 'EmberEcho Velvety Matte Lipstick', 3005, 7731, 1253);
insert into Product (ProductID, ProductName, CategoryID, Price, Quantity) values (2079, 'ZenithZephyr Zenful Facial Mist', 3005, 5875, 1364);
insert into Product (ProductID, ProductName, CategoryID, Price, Quantity) values (2080, 'PixelPetal Pixel-Perfect Makeup Remover', 3005, 9186, 1673);
insert into Product (ProductID, ProductName, CategoryID, Price, Quantity) values (2081, 'CulinaryCraft Chef''s Knife Set', 3004, 4681, 1349);
insert into Product (ProductID, ProductName, CategoryID, Price, Quantity) values (2082, 'PrecisionPour Mixing Bowls', 3004, 3963, 1465);
insert into Product (ProductID, ProductName, CategoryID, Price, Quantity) values (2083, 'GourmetGlide Non-Stick Skillet', 3004, 2640, 1654);
insert into Product (ProductID, ProductName, CategoryID, Price, Quantity) values (2084, 'ZenithZest Herb Infuser', 3004, 3147, 1638);
insert into Product (ProductID, ProductName, CategoryID, Price, Quantity) values (2085, 'NovaNectar Citrus Zester', 3004, 1145, 1862);
insert into Product (ProductID, ProductName, CategoryID, Price, Quantity) values (2086, 'EmberEnigma Bamboo Cutting Board', 3004, 5075, 1919);
insert into Product (ProductID, ProductName, CategoryID, Price, Quantity) values (2087, 'AquaArbor Silicone Utensil Set', 3004, 7564, 1748);
insert into Product (ProductID, ProductName, CategoryID, Price, Quantity) values (2088, 'SparkSculpt Spice Grinder', 3004, 7415, 1401);
insert into Product (ProductID, ProductName, CategoryID, Price, Quantity) values (2089, 'TerraTreasure Copper Cookware Collection', 3004, 9701, 1811);
insert into Product (ProductID, ProductName, CategoryID, Price, Quantity) values (2090, 'SolarSavor Kitchen Scale', 3004, 4216, 1639);
insert into Product (ProductID, ProductName, CategoryID, Price, Quantity) values (2091, 'VelocityVista Running Shoes', 3006, 4977, 1306);
insert into Product (ProductID, ProductName, CategoryID, Price, Quantity) values (2092, 'PowerPulse Fitness Tracker', 3006, 7023, 1772);
insert into Product (ProductID, ProductName, CategoryID, Price, Quantity) values (2093, 'TurboTrance Performance Shorts', 3006, 4882, 1905);
insert into Product (ProductID, ProductName, CategoryID, Price, Quantity) values (2094, 'QuantumQuill Yoga Mat', 3006, 8802, 2003);
insert into Product (ProductID, ProductName, CategoryID, Price, Quantity) values (2095, 'BlazeBreeze CrossFit Gloves', 3006, 3050, 1164);
insert into Product (ProductID, ProductName, CategoryID, Price, Quantity) values (2096, 'NovaNest Compression Socks', 3006, 9138, 1440);
insert into Product (ProductID, ProductName, CategoryID, Price, Quantity) values (2097, 'SparkSculpt Weightlifting Belt', 3006, 5568, 1948);
insert into Product (ProductID, ProductName, CategoryID, Price, Quantity) values (2098, 'AquaArbor Hydration Pack', 3006, 1990, 1193);
insert into Product (ProductID, ProductName, CategoryID, Price, Quantity) values (2099, 'LunaLume Reflective Cycling Jersey', 3006, 8115, 1712);
insert into Product (ProductID, ProductName, CategoryID, Price, Quantity) values (2100, 'EmberEcho Trail Running Backpack', 3006, 1103, 1243);
insert into Product (ProductID, ProductName, CategoryID, Price, Quantity) values (2101, 'ZenZest Golf Swing Analyzer', 3006, 3189, 2107);
insert into Product (ProductID, ProductName, CategoryID, Price, Quantity) values (2102, 'SolarSculpt Tennis Racket', 3006, 6622, 1821);
insert into Product (ProductID, ProductName, CategoryID, Price, Quantity) values (2103, 'PentaPetal Pilates Resistance Bands', 3006, 5456, 1611);
insert into Product (ProductID, ProductName, CategoryID, Price, Quantity) values (2104, 'TerraTreasure Trail Hiking Poles', 3006, 3374, 1836);
insert into Product (ProductID, ProductName, CategoryID, Price, Quantity) values (2105, 'QuantumGlow Basketball Shooting Sleeve', 3006, 6434, 1260);
insert into Product (ProductID, ProductName, CategoryID, Price, Quantity) values (2106, 'SilverSpire Skiing Goggles', 3006, 1086, 2067);
insert into Product (ProductID, ProductName, CategoryID, Price, Quantity) values (2107, 'PixelPalace Performance Swim Cap', 3006, 3442, 1324);
insert into Product (ProductID, ProductName, CategoryID, Price, Quantity) values (2108, 'MysticMingle Martial Arts Headgear', 3006, 2721, 1363);
insert into Product (ProductID, ProductName, CategoryID, Price, Quantity) values (2109, 'LunarLoom Resistance Training Bands', 3006, 8622, 2130);
insert into Product (ProductID, ProductName, CategoryID, Price, Quantity) values (2110, 'CrystalCrest Climbing Harness', 3006, 6436, 1151);

create table Time (
	TimeID INT,
	Date INT,
	Month INT,
	Year INT
);
insert into Time (TimeID, Date, Month, Year) values (5001, 7, 10, 2013);
insert into Time (TimeID, Date, Month, Year) values (5002, 15, 8, 2016);
insert into Time (TimeID, Date, Month, Year) values (5003, 9, 3, 2014);
insert into Time (TimeID, Date, Month, Year) values (5004, 23, 3, 2016);
insert into Time (TimeID, Date, Month, Year) values (5005, 7, 9, 2021);
insert into Time (TimeID, Date, Month, Year) values (5006, 26, 11, 2015);
insert into Time (TimeID, Date, Month, Year) values (5007, 26, 3, 2018);
insert into Time (TimeID, Date, Month, Year) values (5008, 2, 5, 2013);
insert into Time (TimeID, Date, Month, Year) values (5009, 8, 2, 2019);
insert into Time (TimeID, Date, Month, Year) values (5010, 14, 3, 2017);
insert into Time (TimeID, Date, Month, Year) values (5011, 2, 10, 2021);
insert into Time (TimeID, Date, Month, Year) values (5012, 19, 3, 2021);
insert into Time (TimeID, Date, Month, Year) values (5013, 7, 3, 2016);
insert into Time (TimeID, Date, Month, Year) values (5014, 4, 4, 2014);
insert into Time (TimeID, Date, Month, Year) values (5015, 21, 2, 2019);
insert into Time (TimeID, Date, Month, Year) values (5016, 23, 8, 2017);
insert into Time (TimeID, Date, Month, Year) values (5017, 10, 8, 2020);
insert into Time (TimeID, Date, Month, Year) values (5018, 25, 10, 2019);
insert into Time (TimeID, Date, Month, Year) values (5019, 20, 9, 2016);
insert into Time (TimeID, Date, Month, Year) values (5020, 16, 2, 2014);
insert into Time (TimeID, Date, Month, Year) values (5021, 5, 7, 2016);
insert into Time (TimeID, Date, Month, Year) values (5022, 6, 12, 2020);
insert into Time (TimeID, Date, Month, Year) values (5023, 8, 8, 2015);
insert into Time (TimeID, Date, Month, Year) values (5024, 8, 12, 2014);
insert into Time (TimeID, Date, Month, Year) values (5025, 17, 9, 2014);
insert into Time (TimeID, Date, Month, Year) values (5026, 4, 8, 2017);
insert into Time (TimeID, Date, Month, Year) values (5027, 21, 6, 2012);
insert into Time (TimeID, Date, Month, Year) values (5028, 6, 5, 2014);
insert into Time (TimeID, Date, Month, Year) values (5029, 25, 4, 2017);
insert into Time (TimeID, Date, Month, Year) values (5030, 28, 2, 2019);
insert into Time (TimeID, Date, Month, Year) values (5031, 1, 4, 2013);
insert into Time (TimeID, Date, Month, Year) values (5032, 16, 8, 2021);
insert into Time (TimeID, Date, Month, Year) values (5033, 25, 12, 2013);
insert into Time (TimeID, Date, Month, Year) values (5034, 21, 9, 2013);
insert into Time (TimeID, Date, Month, Year) values (5035, 27, 2, 2021);
insert into Time (TimeID, Date, Month, Year) values (5036, 20, 6, 2020);
insert into Time (TimeID, Date, Month, Year) values (5037, 8, 12, 2019);
insert into Time (TimeID, Date, Month, Year) values (5038, 28, 1, 2015);
insert into Time (TimeID, Date, Month, Year) values (5039, 4, 1, 2018);
insert into Time (TimeID, Date, Month, Year) values (5040, 11, 10, 2020);
insert into Time (TimeID, Date, Month, Year) values (5041, 26, 10, 2016);
insert into Time (TimeID, Date, Month, Year) values (5042, 1, 7, 2018);
insert into Time (TimeID, Date, Month, Year) values (5043, 25, 11, 2019);
insert into Time (TimeID, Date, Month, Year) values (5044, 23, 10, 2013);
insert into Time (TimeID, Date, Month, Year) values (5045, 10, 4, 2019);
insert into Time (TimeID, Date, Month, Year) values (5046, 4, 11, 2016);
insert into Time (TimeID, Date, Month, Year) values (5047, 21, 3, 2013);
insert into Time (TimeID, Date, Month, Year) values (5048, 10, 2, 2012);
insert into Time (TimeID, Date, Month, Year) values (5049, 19, 12, 2012);
insert into Time (TimeID, Date, Month, Year) values (5050, 17, 11, 2021);
insert into Time (TimeID, Date, Month, Year) values (5051, 26, 7, 2017);
insert into Time (TimeID, Date, Month, Year) values (5052, 8, 7, 2016);
insert into Time (TimeID, Date, Month, Year) values (5053, 19, 2, 2013);
insert into Time (TimeID, Date, Month, Year) values (5054, 9, 7, 2014);
insert into Time (TimeID, Date, Month, Year) values (5055, 28, 8, 2017);
insert into Time (TimeID, Date, Month, Year) values (5056, 19, 10, 2015);
insert into Time (TimeID, Date, Month, Year) values (5057, 8, 6, 2016);
insert into Time (TimeID, Date, Month, Year) values (5058, 14, 9, 2016);
insert into Time (TimeID, Date, Month, Year) values (5059, 2, 12, 2013);
insert into Time (TimeID, Date, Month, Year) values (5060, 16, 9, 2019);
insert into Time (TimeID, Date, Month, Year) values (5061, 10, 5, 2015);
insert into Time (TimeID, Date, Month, Year) values (5062, 21, 4, 2021);
insert into Time (TimeID, Date, Month, Year) values (5063, 3, 10, 2013);
insert into Time (TimeID, Date, Month, Year) values (5064, 26, 12, 2015);
insert into Time (TimeID, Date, Month, Year) values (5065, 10, 12, 2016);
insert into Time (TimeID, Date, Month, Year) values (5066, 12, 9, 2021);
insert into Time (TimeID, Date, Month, Year) values (5067, 16, 3, 2016);
insert into Time (TimeID, Date, Month, Year) values (5068, 21, 3, 2012);
insert into Time (TimeID, Date, Month, Year) values (5069, 6, 4, 2017);
insert into Time (TimeID, Date, Month, Year) values (5070, 21, 3, 2012);
insert into Time (TimeID, Date, Month, Year) values (5071, 9, 12, 2021);
insert into Time (TimeID, Date, Month, Year) values (5072, 22, 9, 2015);
insert into Time (TimeID, Date, Month, Year) values (5073, 8, 8, 2012);
insert into Time (TimeID, Date, Month, Year) values (5074, 9, 2, 2016);
insert into Time (TimeID, Date, Month, Year) values (5075, 11, 9, 2014);
insert into Time (TimeID, Date, Month, Year) values (5076, 7, 11, 2014);
insert into Time (TimeID, Date, Month, Year) values (5077, 26, 10, 2013);
insert into Time (TimeID, Date, Month, Year) values (5078, 2, 10, 2021);
insert into Time (TimeID, Date, Month, Year) values (5079, 5, 11, 2017);
insert into Time (TimeID, Date, Month, Year) values (5080, 26, 3, 2017);
insert into Time (TimeID, Date, Month, Year) values (5081, 17, 1, 2012);
insert into Time (TimeID, Date, Month, Year) values (5082, 13, 8, 2017);
insert into Time (TimeID, Date, Month, Year) values (5083, 24, 12, 2018);
insert into Time (TimeID, Date, Month, Year) values (5084, 3, 12, 2019);
insert into Time (TimeID, Date, Month, Year) values (5085, 5, 4, 2021);
insert into Time (TimeID, Date, Month, Year) values (5086, 14, 11, 2012);
insert into Time (TimeID, Date, Month, Year) values (5087, 3, 4, 2021);
insert into Time (TimeID, Date, Month, Year) values (5088, 22, 3, 2014);
insert into Time (TimeID, Date, Month, Year) values (5089, 3, 7, 2017);
insert into Time (TimeID, Date, Month, Year) values (5090, 16, 1, 2018);
insert into Time (TimeID, Date, Month, Year) values (5091, 13, 3, 2018);
insert into Time (TimeID, Date, Month, Year) values (5092, 11, 9, 2012);
insert into Time (TimeID, Date, Month, Year) values (5093, 3, 7, 2013);
insert into Time (TimeID, Date, Month, Year) values (5094, 5, 12, 2012);
insert into Time (TimeID, Date, Month, Year) values (5095, 7, 3, 2021);
insert into Time (TimeID, Date, Month, Year) values (5096, 22, 4, 2015);
insert into Time (TimeID, Date, Month, Year) values (5097, 12, 6, 2012);
insert into Time (TimeID, Date, Month, Year) values (5098, 28, 1, 2014);
insert into Time (TimeID, Date, Month, Year) values (5099, 5, 10, 2017);
insert into Time (TimeID, Date, Month, Year) values (5100, 3, 4, 2018);
insert into Time (TimeID, Date, Month, Year) values (5101, 21, 1, 2021);
insert into Time (TimeID, Date, Month, Year) values (5102, 22, 5, 2012);
insert into Time (TimeID, Date, Month, Year) values (5103, 27, 5, 2014);
insert into Time (TimeID, Date, Month, Year) values (5104, 7, 1, 2017);
insert into Time (TimeID, Date, Month, Year) values (5105, 23, 11, 2015);
insert into Time (TimeID, Date, Month, Year) values (5106, 14, 5, 2012);
insert into Time (TimeID, Date, Month, Year) values (5107, 1, 7, 2014);
insert into Time (TimeID, Date, Month, Year) values (5108, 2, 12, 2012);
insert into Time (TimeID, Date, Month, Year) values (5109, 9, 1, 2013);
insert into Time (TimeID, Date, Month, Year) values (5110, 25, 4, 2012);
insert into Time (TimeID, Date, Month, Year) values (5111, 23, 5, 2021);
insert into Time (TimeID, Date, Month, Year) values (5112, 24, 11, 2020);
insert into Time (TimeID, Date, Month, Year) values (5113, 13, 6, 2020);
insert into Time (TimeID, Date, Month, Year) values (5114, 27, 7, 2012);
insert into Time (TimeID, Date, Month, Year) values (5115, 14, 6, 2015);
insert into Time (TimeID, Date, Month, Year) values (5116, 1, 8, 2020);
insert into Time (TimeID, Date, Month, Year) values (5117, 25, 9, 2020);
insert into Time (TimeID, Date, Month, Year) values (5118, 26, 2, 2019);
insert into Time (TimeID, Date, Month, Year) values (5119, 2, 9, 2016);
insert into Time (TimeID, Date, Month, Year) values (5120, 1, 10, 2013);
insert into Time (TimeID, Date, Month, Year) values (5121, 2, 11, 2020);
insert into Time (TimeID, Date, Month, Year) values (5122, 8, 10, 2015);
insert into Time (TimeID, Date, Month, Year) values (5123, 15, 10, 2013);
insert into Time (TimeID, Date, Month, Year) values (5124, 15, 8, 2017);
insert into Time (TimeID, Date, Month, Year) values (5125, 4, 9, 2019);
insert into Time (TimeID, Date, Month, Year) values (5126, 15, 4, 2016);
insert into Time (TimeID, Date, Month, Year) values (5127, 15, 10, 2015);
insert into Time (TimeID, Date, Month, Year) values (5128, 19, 7, 2017);
insert into Time (TimeID, Date, Month, Year) values (5129, 13, 2, 2018);
insert into Time (TimeID, Date, Month, Year) values (5130, 11, 10, 2012);
insert into Time (TimeID, Date, Month, Year) values (5131, 11, 5, 2014);
insert into Time (TimeID, Date, Month, Year) values (5132, 7, 3, 2013);
insert into Time (TimeID, Date, Month, Year) values (5133, 15, 3, 2018);
insert into Time (TimeID, Date, Month, Year) values (5134, 22, 10, 2020);
insert into Time (TimeID, Date, Month, Year) values (5135, 17, 4, 2014);
insert into Time (TimeID, Date, Month, Year) values (5136, 5, 10, 2017);
insert into Time (TimeID, Date, Month, Year) values (5137, 15, 2, 2014);
insert into Time (TimeID, Date, Month, Year) values (5138, 13, 7, 2018);
insert into Time (TimeID, Date, Month, Year) values (5139, 15, 8, 2012);
insert into Time (TimeID, Date, Month, Year) values (5140, 17, 11, 2018);
insert into Time (TimeID, Date, Month, Year) values (5141, 7, 7, 2021);
insert into Time (TimeID, Date, Month, Year) values (5142, 11, 12, 2013);
insert into Time (TimeID, Date, Month, Year) values (5143, 24, 8, 2020);
insert into Time (TimeID, Date, Month, Year) values (5144, 3, 10, 2013);
insert into Time (TimeID, Date, Month, Year) values (5145, 24, 11, 2015);
insert into Time (TimeID, Date, Month, Year) values (5146, 4, 3, 2020);
insert into Time (TimeID, Date, Month, Year) values (5147, 10, 8, 2019);
insert into Time (TimeID, Date, Month, Year) values (5148, 12, 7, 2018);
insert into Time (TimeID, Date, Month, Year) values (5149, 6, 1, 2012);
insert into Time (TimeID, Date, Month, Year) values (5150, 5, 4, 2015);
insert into Time (TimeID, Date, Month, Year) values (5151, 28, 11, 2018);
insert into Time (TimeID, Date, Month, Year) values (5152, 6, 3, 2019);
insert into Time (TimeID, Date, Month, Year) values (5153, 4, 1, 2014);
insert into Time (TimeID, Date, Month, Year) values (5154, 11, 4, 2012);
insert into Time (TimeID, Date, Month, Year) values (5155, 21, 7, 2012);
insert into Time (TimeID, Date, Month, Year) values (5156, 1, 2, 2013);
insert into Time (TimeID, Date, Month, Year) values (5157, 10, 9, 2017);
insert into Time (TimeID, Date, Month, Year) values (5158, 21, 3, 2017);
insert into Time (TimeID, Date, Month, Year) values (5159, 21, 2, 2021);
insert into Time (TimeID, Date, Month, Year) values (5160, 22, 6, 2021);
insert into Time (TimeID, Date, Month, Year) values (5161, 25, 6, 2018);
insert into Time (TimeID, Date, Month, Year) values (5162, 18, 11, 2018);
insert into Time (TimeID, Date, Month, Year) values (5163, 19, 6, 2017);
insert into Time (TimeID, Date, Month, Year) values (5164, 18, 9, 2021);
insert into Time (TimeID, Date, Month, Year) values (5165, 24, 3, 2021);
insert into Time (TimeID, Date, Month, Year) values (5166, 13, 4, 2016);
insert into Time (TimeID, Date, Month, Year) values (5167, 4, 2, 2017);
insert into Time (TimeID, Date, Month, Year) values (5168, 10, 1, 2018);
insert into Time (TimeID, Date, Month, Year) values (5169, 6, 1, 2013);
insert into Time (TimeID, Date, Month, Year) values (5170, 4, 7, 2016);
insert into Time (TimeID, Date, Month, Year) values (5171, 9, 2, 2014);
insert into Time (TimeID, Date, Month, Year) values (5172, 20, 9, 2013);
insert into Time (TimeID, Date, Month, Year) values (5173, 26, 11, 2014);
insert into Time (TimeID, Date, Month, Year) values (5174, 22, 2, 2014);
insert into Time (TimeID, Date, Month, Year) values (5175, 26, 3, 2021);
insert into Time (TimeID, Date, Month, Year) values (5176, 3, 9, 2021);
insert into Time (TimeID, Date, Month, Year) values (5177, 20, 12, 2021);
insert into Time (TimeID, Date, Month, Year) values (5178, 1, 8, 2014);
insert into Time (TimeID, Date, Month, Year) values (5179, 17, 4, 2020);
insert into Time (TimeID, Date, Month, Year) values (5180, 2, 6, 2018);
insert into Time (TimeID, Date, Month, Year) values (5181, 16, 2, 2012);
insert into Time (TimeID, Date, Month, Year) values (5182, 23, 10, 2019);
insert into Time (TimeID, Date, Month, Year) values (5183, 13, 3, 2017);
insert into Time (TimeID, Date, Month, Year) values (5184, 10, 11, 2014);
insert into Time (TimeID, Date, Month, Year) values (5185, 10, 7, 2012);
insert into Time (TimeID, Date, Month, Year) values (5186, 15, 12, 2019);
insert into Time (TimeID, Date, Month, Year) values (5187, 9, 10, 2016);
insert into Time (TimeID, Date, Month, Year) values (5188, 10, 7, 2013);
insert into Time (TimeID, Date, Month, Year) values (5189, 25, 11, 2021);
insert into Time (TimeID, Date, Month, Year) values (5190, 13, 4, 2018);
insert into Time (TimeID, Date, Month, Year) values (5191, 16, 10, 2014);
insert into Time (TimeID, Date, Month, Year) values (5192, 25, 7, 2018);
insert into Time (TimeID, Date, Month, Year) values (5193, 7, 10, 2012);
insert into Time (TimeID, Date, Month, Year) values (5194, 3, 11, 2015);
insert into Time (TimeID, Date, Month, Year) values (5195, 21, 4, 2014);
insert into Time (TimeID, Date, Month, Year) values (5196, 23, 4, 2016);
insert into Time (TimeID, Date, Month, Year) values (5197, 7, 2, 2019);
insert into Time (TimeID, Date, Month, Year) values (5198, 26, 8, 2021);
insert into Time (TimeID, Date, Month, Year) values (5199, 14, 8, 2013);
insert into Time (TimeID, Date, Month, Year) values (5200, 23, 4, 2018);
