drop database if exists warehouse3;
create schema warehouse3;
use warehouse3;

create table Category (
	ID INT,
	Name VARCHAR(11),
	Descrip VARCHAR(4)
);
insert into Category (ID, Name, Descrip) values (3001, 'cosmetics', 'eee');
insert into Category (ID, Name, Descrip) values (3002, 'Sports', 'eee');
insert into Category (ID, Name, Descrip) values (3003, 'Hardware', 'ff');
insert into Category (ID, Name, Descrip) values (3004, 'Grocery', 'cc');
insert into Category (ID, Name, Descrip) values (3005, 'Clothing', 'ff');
insert into Category (ID, Name, Descrip) values (3006, 'Furniture', 'eee');
insert into Category (ID, Name, Descrip) values (3007, 'Kitchenware', 'aa');

create table Customer (
	ID INT,
	Name VARCHAR(26),
	phone VARCHAR(50),
	Address VARCHAR(50),
	City VARCHAR(9),
	pin VARCHAR(50)
);
insert into Customer (ID, Name, phone, Address, City, pin) values (1001, 'PixelPetal', '970 697 7418', 'Suite 32', 'Pune', '754998');
insert into Customer (ID, Name, phone, Address, City, pin) values (1002, 'VelvetVortex', '849 744 8761', '15th Floor', 'Kanpur', '231041');
insert into Customer (ID, Name, phone, Address, City, pin) values (1003, 'SunflowerScribe', '213 878 7184', 'Apt 199', 'Jaipur', '012630');
insert into Customer (ID, Name, phone, Address, City, pin) values (1004, 'SolsticeSage', '213 631 7714', 'Room 722', 'Ahmedabad', '197046');
insert into Customer (ID, Name, phone, Address, City, pin) values (1005, 'GemstoneGrove', '503 455 5100', 'Suite 3', 'Lucknow', '300156');
insert into Customer (ID, Name, phone, Address, City, pin) values (1006, 'AzureAlcove', '682 325 2565', 'Suite 61', 'Jaipur', '318290');
insert into Customer (ID, Name, phone, Address, City, pin) values (1007, 'EtherealEra', '860 586 7760', 'PO Box 55934', 'Bangalore', '539878');
insert into Customer (ID, Name, phone, Address, City, pin) values (1008, 'OrionOasis', '277 418 5345', 'Suite 80', 'Thane', '207043');
insert into Customer (ID, Name, phone, Address, City, pin) values (1009, 'ZenithZephyr', '938 870 7624', 'Apt 1281', 'Nagpur', '254665');
insert into Customer (ID, Name, phone, Address, City, pin) values (1010, 'WhisperWillow', '950 542 7206', 'Room 103', 'Indore', '511679');
insert into Customer (ID, Name, phone, Address, City, pin) values (1011, 'EchoEmber', '864 431 9915', 'Apt 1570', 'Mumbai', '520108');
insert into Customer (ID, Name, phone, Address, City, pin) values (1012, 'RadiantRipple', '602 352 8800', 'Suite 19', 'Bangalore', '510805');
insert into Customer (ID, Name, phone, Address, City, pin) values (1013, 'VortexVigil', '527 347 9076', 'Suite 24', 'Indore', '929605');
insert into Customer (ID, Name, phone, Address, City, pin) values (1014, 'HarmonyHive', '399 868 1177', 'Suite 78', 'Mumbai', '973588');
insert into Customer (ID, Name, phone, Address, City, pin) values (1015, 'VelvetVerve Creations', '513 279 9204', 'Suite 2', 'Indore', '598443');
insert into Customer (ID, Name, phone, Address, City, pin) values (1016, 'SparkScribe Innovations', '641 510 7548', 'Suite 92', 'Ahmedabad', '797533');
insert into Customer (ID, Name, phone, Address, City, pin) values (1017, 'EmberEcho Dynamics', '798 798 6894', 'Suite 28', 'Hyderabad', '644740');
insert into Customer (ID, Name, phone, Address, City, pin) values (1018, 'TwistedTwig Innovations', '424 736 1285', 'PO Box 7358', 'Kolkata', '939089');
insert into Customer (ID, Name, phone, Address, City, pin) values (1019, 'MarbleMingle Solutions', '691 607 1003', 'Room 1485', 'Ahmedabad', '360665');
insert into Customer (ID, Name, phone, Address, City, pin) values (1020, 'QuantumQuill Ventures', '601 370 5978', '11th Floor', 'Bangalore', '862298');
insert into Customer (ID, Name, phone, Address, City, pin) values (1021, 'MysticMirth Innovations', '344 988 2631', '6th Floor', 'Pune', '162162');
insert into Customer (ID, Name, phone, Address, City, pin) values (1022, 'SpiceSprint Solutions', '395 767 8946', 'PO Box 84431', 'Thane', '268962');
insert into Customer (ID, Name, phone, Address, City, pin) values (1023, 'MangoMingle Innovations', '216 136 9410', 'Apt 867', 'Chennai', '027802');
insert into Customer (ID, Name, phone, Address, City, pin) values (1024, 'RoyalRidge Technologies', '909 360 4439', 'Suite 23', 'Pune', '391666');
insert into Customer (ID, Name, phone, Address, City, pin) values (1025, 'SilkSaga Creations', '150 754 8259', 'Apt 25', 'Thane', '333708');
insert into Customer (ID, Name, phone, Address, City, pin) values (1026, 'IndigoInvent Ventures', '640 491 1715', 'Room 730', 'Chennai', '491846');
insert into Customer (ID, Name, phone, Address, City, pin) values (1027, 'MysticMango Dynamics', '981 184 4532', 'Suite 29', 'Ahmedabad', '602171');
insert into Customer (ID, Name, phone, Address, City, pin) values (1028, 'UrbanUtopia Innovations', '830 140 8468', 'Apt 1903', 'Bangalore', '949646');
insert into Customer (ID, Name, phone, Address, City, pin) values (1029, 'SaffronScribe Technologies', '422 393 2763', 'PO Box 24044', 'Nagpur', '039049');
insert into Customer (ID, Name, phone, Address, City, pin) values (1030, 'CrimsonCrest Ventures', '328 529 1712', 'Room 1951', 'Hyderabad', '993076');
insert into Customer (ID, Name, phone, Address, City, pin) values (1031, 'GoldenGrove Innovations', '554 613 2795', 'Apt 218', 'Delhi', '831768');
insert into Customer (ID, Name, phone, Address, City, pin) values (1032, 'TechTaj Innovations', '566 152 5995', '4th Floor', 'Pune', '238899');
insert into Customer (ID, Name, phone, Address, City, pin) values (1033, 'SpiceSphere Ventures', '471 156 8626', 'PO Box 57261', 'Jaipur', '357373');
insert into Customer (ID, Name, phone, Address, City, pin) values (1034, 'RiverRise Technologies', '455 456 9238', 'Suite 65', 'Kanpur', '486253');
insert into Customer (ID, Name, phone, Address, City, pin) values (1035, 'VivaVerve Innovations', '270 724 0182', '3rd Floor', 'Hyderabad', '907066');
insert into Customer (ID, Name, phone, Address, City, pin) values (1036, 'VelvetVista Creations', '731 668 0047', 'Suite 77', 'Surat', '298948');
insert into Customer (ID, Name, phone, Address, City, pin) values (1037, 'FusionFlare Ventures', '494 783 0920', 'Room 630', 'Bangalore', '374286');
insert into Customer (ID, Name, phone, Address, City, pin) values (1038, 'BlueBlossom Dynamics', '186 921 0370', 'Suite 54', 'Pune', '136799');
insert into Customer (ID, Name, phone, Address, City, pin) values (1039, 'SunShire Innovations', '175 868 3083', 'Apt 592', 'Chennai', '893036');
insert into Customer (ID, Name, phone, Address, City, pin) values (1040, 'TerraTide Ventures', '572 842 5945', '7th Floor', 'Delhi', '183028');
insert into Customer (ID, Name, phone, Address, City, pin) values (1041, 'PixelPulse Creations', '459 646 7982', '5th Floor', 'Nagpur', '508247');
insert into Customer (ID, Name, phone, Address, City, pin) values (1042, 'EmeraldEdge Innovations', '189 884 6439', 'PO Box 66819', 'Hyderabad', '557060');
insert into Customer (ID, Name, phone, Address, City, pin) values (1043, 'ZestyZen Dynamics', '796 271 6294', 'Apt 597', 'Delhi', '966535');
insert into Customer (ID, Name, phone, Address, City, pin) values (1044, 'RadiantRipple Ventures', '859 318 3473', '17th Floor', 'Lucknow', '784492');
insert into Customer (ID, Name, phone, Address, City, pin) values (1045, 'AquaArbor Innovations', '204 547 2472', 'Room 1509', 'Thane', '303604');
insert into Customer (ID, Name, phone, Address, City, pin) values (1046, 'QuantumQuill Technologies', '245 822 8181', '7th Floor', 'Kanpur', '838982');
insert into Customer (ID, Name, phone, Address, City, pin) values (1047, 'CelestialCrest Ventures', '611 836 7490', 'PO Box 49012', 'Kanpur', '434173');
insert into Customer (ID, Name, phone, Address, City, pin) values (1048, 'CrimsonCraft Innovations', '997 128 5766', 'PO Box 88043', 'Bangalore', '122285');
insert into Customer (ID, Name, phone, Address, City, pin) values (1049, 'SilverSpire Dynamics', '387 242 7373', 'Suite 73', 'Pune', '144824');
insert into Customer (ID, Name, phone, Address, City, pin) values (1050, 'SparkScribe Ventures', '691 187 5583', 'Suite 16', 'Delhi', '897739');
insert into Customer (ID, Name, phone, Address, City, pin) values (1051, 'BlazeBreeze Innovations', '838 328 0438', 'Suite 94', 'Thane', '413534');
insert into Customer (ID, Name, phone, Address, City, pin) values (1052, 'MysticMirth Technologies', '316 492 7703', '17th Floor', 'Mumbai', '579579');
insert into Customer (ID, Name, phone, Address, City, pin) values (1053, 'SolarScribe Ventures', '916 308 7134', 'Apt 760', 'Ahmedabad', '044462');
insert into Customer (ID, Name, phone, Address, City, pin) values (1054, 'CoralCascade Innovations', '312 994 5729', 'Suite 90', 'Ahmedabad', '005911');
insert into Customer (ID, Name, phone, Address, City, pin) values (1055, 'LunarLoom Dynamics', '268 616 4923', 'Suite 35', 'Kolkata', '154517');
insert into Customer (ID, Name, phone, Address, City, pin) values (1056, 'TerraTreasure Ventures', '877 703 1294', 'Suite 75', 'Pune', '623020');
insert into Customer (ID, Name, phone, Address, City, pin) values (1057, 'VelvetVerve Innovations', '793 291 8855', 'Apt 1812', 'Lucknow', '635784');
insert into Customer (ID, Name, phone, Address, City, pin) values (1058, 'EmberEcho Technologies', '562 696 4750', 'Suite 93', 'Kanpur', '099114');
insert into Customer (ID, Name, phone, Address, City, pin) values (1059, 'MarbleMingle Ventures', '151 616 7866', 'Suite 90', 'Chennai', '703231');
insert into Customer (ID, Name, phone, Address, City, pin) values (1060, 'QuantumQuasar Innovations', '898 677 3952', 'PO Box 22438', 'Hyderabad', '925228');
insert into Customer (ID, Name, phone, Address, City, pin) values (1061, 'AquaAegis Dynamics', '414 400 5074', 'Apt 826', 'Jaipur', '079478');
insert into Customer (ID, Name, phone, Address, City, pin) values (1062, 'ZenZephyr Ventures', '304 352 1575', 'Apt 372', 'Pune', '880767');
insert into Customer (ID, Name, phone, Address, City, pin) values (1063, 'PixelPetal Innovations', '819 697 4370', '14th Floor', 'Chennai', '873404');
insert into Customer (ID, Name, phone, Address, City, pin) values (1064, 'VelvetVibe Dynamics', '798 394 9279', 'PO Box 98963', 'Thane', '370324');
insert into Customer (ID, Name, phone, Address, City, pin) values (1065, 'SparkSculpt Ventures', '865 833 5418', 'Room 740', 'Jaipur', '649617');
insert into Customer (ID, Name, phone, Address, City, pin) values (1066, 'LunarLantern Innovations', '906 995 1945', 'Apt 1584', 'Pune', '629853');
insert into Customer (ID, Name, phone, Address, City, pin) values (1067, 'NovaNectar Dynamics', '799 685 7865', 'PO Box 44964', 'Jaipur', '030247');
insert into Customer (ID, Name, phone, Address, City, pin) values (1068, 'CrystalCove Ventures', '908 743 9387', 'Suite 21', 'Lucknow', '502846');
insert into Customer (ID, Name, phone, Address, City, pin) values (1069, 'MysticMirth Innovations', '228 882 8589', 'Apt 1881', 'Pune', '866033');
insert into Customer (ID, Name, phone, Address, City, pin) values (1070, 'SolarScribe Dynamics', '159 359 0561', 'Suite 13', 'Indore', '721282');
insert into Customer (ID, Name, phone, Address, City, pin) values (1071, 'ArcticAegis Ventures', '313 641 0942', 'Suite 79', 'Lucknow', '270850');
insert into Customer (ID, Name, phone, Address, City, pin) values (1072, 'BlazeBreeze Innovations', '781 273 5249', 'Room 113', 'Lucknow', '716731');
insert into Customer (ID, Name, phone, Address, City, pin) values (1073, 'PentaPixel Technologies', '466 115 4470', 'Suite 63', 'Ahmedabad', '323492');
insert into Customer (ID, Name, phone, Address, City, pin) values (1074, 'TerraTide Ventures', '170 804 3807', 'PO Box 94712', 'Pune', '328803');
insert into Customer (ID, Name, phone, Address, City, pin) values (1075, 'EmberEcho Innovations', '324 575 8529', 'Room 1082', 'Kolkata', '378581');
insert into Customer (ID, Name, phone, Address, City, pin) values (1076, 'MarbleMingle Dynamics', '718 472 0238', 'Apt 910', 'Kolkata', '042106');
insert into Customer (ID, Name, phone, Address, City, pin) values (1077, 'QuasarQuest Ventures', '980 814 0700', 'PO Box 78550', 'Chennai', '370211');
insert into Customer (ID, Name, phone, Address, City, pin) values (1078, 'ZenZest Innovations', '294 150 7320', 'Room 1078', 'Thane', '444136');
insert into Customer (ID, Name, phone, Address, City, pin) values (1079, 'PixelPulse Dynamics', '602 891 8956', '19th Floor', 'Kolkata', '777958');
insert into Customer (ID, Name, phone, Address, City, pin) values (1080, 'VelvetVerve Ventures', '949 847 7499', 'Suite 47', 'Surat', '791202');
insert into Customer (ID, Name, phone, Address, City, pin) values (1081, 'SparkScribe Innovations', '119 282 9872', 'Room 970', 'Ahmedabad', '536111');
insert into Customer (ID, Name, phone, Address, City, pin) values (1082, 'LunarLoom Technologies', '657 433 0644', 'Room 455', 'Kolkata', '941087');
insert into Customer (ID, Name, phone, Address, City, pin) values (1083, 'NovaNectar Ventures', '310 571 0899', '1st Floor', 'Pune', '918858');
insert into Customer (ID, Name, phone, Address, City, pin) values (1084, 'CrystalCrest Innovations', '853 877 5919', 'Apt 3', 'Thane', '665248');
insert into Customer (ID, Name, phone, Address, City, pin) values (1085, 'MysticMirth Dynamics', '917 148 7774', 'PO Box 35608', 'Lucknow', '284574');
insert into Customer (ID, Name, phone, Address, City, pin) values (1086, 'SolarScribe Ventures', '513 746 9204', 'Apt 1345', 'Hyderabad', '667346');
insert into Customer (ID, Name, phone, Address, City, pin) values (1087, 'ArcticAtlas Innovations', '188 228 5946', 'PO Box 99807', 'Jaipur', '670800');
insert into Customer (ID, Name, phone, Address, City, pin) values (1088, 'BlazeBurst Technologies', '966 400 3442', 'Apt 1254', 'Kolkata', '033006');
insert into Customer (ID, Name, phone, Address, City, pin) values (1089, 'SilverSpire Ventures', '582 287 7089', 'Room 177', 'Hyderabad', '085129');
insert into Customer (ID, Name, phone, Address, City, pin) values (1090, 'QuantumQuill Innovations', '694 865 3185', 'Apt 1894', 'Kanpur', '982504');

create table Orders (
	OrderID INT,
	ProductID INT,
	CustomerID INT,
	DateID INT,
	Quantity INT
);
insert into Orders (OrderID, ProductID, CustomerID, DateID, Quantity) values (4001, 2069, 1047, 5155, 1042);
insert into Orders (OrderID, ProductID, CustomerID, DateID, Quantity) values (4002, 2079, 1046, 5036, 221);
insert into Orders (OrderID, ProductID, CustomerID, DateID, Quantity) values (4003, 2046, 1066, 5025, 208);
insert into Orders (OrderID, ProductID, CustomerID, DateID, Quantity) values (4004, 2057, 1051, 5094, 739);
insert into Orders (OrderID, ProductID, CustomerID, DateID, Quantity) values (4005, 2004, 1002, 5100, 449);
insert into Orders (OrderID, ProductID, CustomerID, DateID, Quantity) values (4006, 2047, 1077, 5075, 581);
insert into Orders (OrderID, ProductID, CustomerID, DateID, Quantity) values (4007, 2080, 1061, 5136, 1167);
insert into Orders (OrderID, ProductID, CustomerID, DateID, Quantity) values (4008, 2074, 1032, 5103, 760);
insert into Orders (OrderID, ProductID, CustomerID, DateID, Quantity) values (4009, 2019, 1004, 5054, 313);
insert into Orders (OrderID, ProductID, CustomerID, DateID, Quantity) values (4010, 2051, 1074, 5112, 276);
insert into Orders (OrderID, ProductID, CustomerID, DateID, Quantity) values (4011, 2065, 1048, 5014, 731);
insert into Orders (OrderID, ProductID, CustomerID, DateID, Quantity) values (4012, 2050, 1059, 5119, 900);
insert into Orders (OrderID, ProductID, CustomerID, DateID, Quantity) values (4013, 2010, 1077, 5045, 1017);
insert into Orders (OrderID, ProductID, CustomerID, DateID, Quantity) values (4014, 2011, 1073, 5028, 450);
insert into Orders (OrderID, ProductID, CustomerID, DateID, Quantity) values (4015, 2089, 1072, 5117, 1027);
insert into Orders (OrderID, ProductID, CustomerID, DateID, Quantity) values (4016, 2099, 1050, 5018, 433);
insert into Orders (OrderID, ProductID, CustomerID, DateID, Quantity) values (4017, 2074, 1002, 5169, 1122);
insert into Orders (OrderID, ProductID, CustomerID, DateID, Quantity) values (4018, 2065, 1037, 5138, 472);
insert into Orders (OrderID, ProductID, CustomerID, DateID, Quantity) values (4019, 2054, 1079, 5135, 798);
insert into Orders (OrderID, ProductID, CustomerID, DateID, Quantity) values (4020, 2104, 1011, 5163, 684);
insert into Orders (OrderID, ProductID, CustomerID, DateID, Quantity) values (4021, 2016, 1009, 5020, 396);
insert into Orders (OrderID, ProductID, CustomerID, DateID, Quantity) values (4022, 2067, 1021, 5085, 639);
insert into Orders (OrderID, ProductID, CustomerID, DateID, Quantity) values (4023, 2058, 1045, 5015, 742);
insert into Orders (OrderID, ProductID, CustomerID, DateID, Quantity) values (4024, 2037, 1055, 5171, 416);
insert into Orders (OrderID, ProductID, CustomerID, DateID, Quantity) values (4025, 2056, 1074, 5006, 649);
insert into Orders (OrderID, ProductID, CustomerID, DateID, Quantity) values (4026, 2010, 1064, 5019, 492);
insert into Orders (OrderID, ProductID, CustomerID, DateID, Quantity) values (4027, 2044, 1034, 5137, 1052);
insert into Orders (OrderID, ProductID, CustomerID, DateID, Quantity) values (4028, 2086, 1076, 5048, 581);
insert into Orders (OrderID, ProductID, CustomerID, DateID, Quantity) values (4029, 2038, 1089, 5004, 639);
insert into Orders (OrderID, ProductID, CustomerID, DateID, Quantity) values (4030, 2064, 1044, 5038, 367);
insert into Orders (OrderID, ProductID, CustomerID, DateID, Quantity) values (4031, 2084, 1087, 5018, 303);
insert into Orders (OrderID, ProductID, CustomerID, DateID, Quantity) values (4032, 2100, 1033, 5056, 254);
insert into Orders (OrderID, ProductID, CustomerID, DateID, Quantity) values (4033, 2096, 1025, 5146, 710);
insert into Orders (OrderID, ProductID, CustomerID, DateID, Quantity) values (4034, 2051, 1010, 5179, 812);
insert into Orders (OrderID, ProductID, CustomerID, DateID, Quantity) values (4035, 2005, 1007, 5114, 434);
insert into Orders (OrderID, ProductID, CustomerID, DateID, Quantity) values (4036, 2027, 1057, 5060, 512);
insert into Orders (OrderID, ProductID, CustomerID, DateID, Quantity) values (4037, 2096, 1009, 5090, 902);
insert into Orders (OrderID, ProductID, CustomerID, DateID, Quantity) values (4038, 2048, 1032, 5040, 529);
insert into Orders (OrderID, ProductID, CustomerID, DateID, Quantity) values (4039, 2104, 1004, 5167, 947);
insert into Orders (OrderID, ProductID, CustomerID, DateID, Quantity) values (4040, 2010, 1008, 5135, 216);
insert into Orders (OrderID, ProductID, CustomerID, DateID, Quantity) values (4041, 2017, 1037, 5145, 1077);
insert into Orders (OrderID, ProductID, CustomerID, DateID, Quantity) values (4042, 2083, 1072, 5041, 580);
insert into Orders (OrderID, ProductID, CustomerID, DateID, Quantity) values (4043, 2043, 1012, 5028, 514);
insert into Orders (OrderID, ProductID, CustomerID, DateID, Quantity) values (4044, 2041, 1080, 5068, 1076);
insert into Orders (OrderID, ProductID, CustomerID, DateID, Quantity) values (4045, 2073, 1004, 5172, 273);
insert into Orders (OrderID, ProductID, CustomerID, DateID, Quantity) values (4046, 2104, 1028, 5105, 191);
insert into Orders (OrderID, ProductID, CustomerID, DateID, Quantity) values (4047, 2062, 1020, 5106, 1171);
insert into Orders (OrderID, ProductID, CustomerID, DateID, Quantity) values (4048, 2051, 1081, 5040, 896);
insert into Orders (OrderID, ProductID, CustomerID, DateID, Quantity) values (4049, 2081, 1019, 5110, 388);
insert into Orders (OrderID, ProductID, CustomerID, DateID, Quantity) values (4050, 2004, 1045, 5141, 727);
insert into Orders (OrderID, ProductID, CustomerID, DateID, Quantity) values (4051, 2016, 1056, 5127, 1086);
insert into Orders (OrderID, ProductID, CustomerID, DateID, Quantity) values (4052, 2098, 1055, 5154, 535);
insert into Orders (OrderID, ProductID, CustomerID, DateID, Quantity) values (4053, 2057, 1003, 5144, 901);
insert into Orders (OrderID, ProductID, CustomerID, DateID, Quantity) values (4054, 2009, 1051, 5129, 726);
insert into Orders (OrderID, ProductID, CustomerID, DateID, Quantity) values (4055, 2087, 1028, 5008, 229);
insert into Orders (OrderID, ProductID, CustomerID, DateID, Quantity) values (4056, 2082, 1003, 5001, 1108);
insert into Orders (OrderID, ProductID, CustomerID, DateID, Quantity) values (4057, 2053, 1061, 5137, 840);
insert into Orders (OrderID, ProductID, CustomerID, DateID, Quantity) values (4058, 2103, 1069, 5158, 700);
insert into Orders (OrderID, ProductID, CustomerID, DateID, Quantity) values (4059, 2090, 1045, 5005, 999);
insert into Orders (OrderID, ProductID, CustomerID, DateID, Quantity) values (4060, 2043, 1031, 5013, 546);
insert into Orders (OrderID, ProductID, CustomerID, DateID, Quantity) values (4061, 2056, 1084, 5083, 823);
insert into Orders (OrderID, ProductID, CustomerID, DateID, Quantity) values (4062, 2092, 1047, 5132, 909);
insert into Orders (OrderID, ProductID, CustomerID, DateID, Quantity) values (4063, 2075, 1069, 5102, 1140);
insert into Orders (OrderID, ProductID, CustomerID, DateID, Quantity) values (4064, 2080, 1040, 5105, 651);
insert into Orders (OrderID, ProductID, CustomerID, DateID, Quantity) values (4065, 2048, 1075, 5144, 546);
insert into Orders (OrderID, ProductID, CustomerID, DateID, Quantity) values (4066, 2026, 1082, 5006, 232);
insert into Orders (OrderID, ProductID, CustomerID, DateID, Quantity) values (4067, 2086, 1049, 5020, 1156);
insert into Orders (OrderID, ProductID, CustomerID, DateID, Quantity) values (4068, 2009, 1089, 5104, 991);
insert into Orders (OrderID, ProductID, CustomerID, DateID, Quantity) values (4069, 2022, 1057, 5092, 1009);
insert into Orders (OrderID, ProductID, CustomerID, DateID, Quantity) values (4070, 2034, 1018, 5025, 331);
insert into Orders (OrderID, ProductID, CustomerID, DateID, Quantity) values (4071, 2059, 1028, 5064, 746);
insert into Orders (OrderID, ProductID, CustomerID, DateID, Quantity) values (4072, 2067, 1082, 5041, 578);
insert into Orders (OrderID, ProductID, CustomerID, DateID, Quantity) values (4073, 2091, 1013, 5152, 1025);
insert into Orders (OrderID, ProductID, CustomerID, DateID, Quantity) values (4074, 2064, 1073, 5147, 1174);
insert into Orders (OrderID, ProductID, CustomerID, DateID, Quantity) values (4075, 2065, 1036, 5088, 246);
insert into Orders (OrderID, ProductID, CustomerID, DateID, Quantity) values (4076, 2007, 1042, 5133, 304);
insert into Orders (OrderID, ProductID, CustomerID, DateID, Quantity) values (4077, 2049, 1028, 5071, 613);
insert into Orders (OrderID, ProductID, CustomerID, DateID, Quantity) values (4078, 2067, 1076, 5125, 305);
insert into Orders (OrderID, ProductID, CustomerID, DateID, Quantity) values (4079, 2053, 1012, 5138, 1115);
insert into Orders (OrderID, ProductID, CustomerID, DateID, Quantity) values (4080, 2045, 1015, 5130, 1005);
insert into Orders (OrderID, ProductID, CustomerID, DateID, Quantity) values (4081, 2083, 1023, 5174, 665);
insert into Orders (OrderID, ProductID, CustomerID, DateID, Quantity) values (4082, 2049, 1064, 5164, 394);
insert into Orders (OrderID, ProductID, CustomerID, DateID, Quantity) values (4083, 2039, 1030, 5060, 296);
insert into Orders (OrderID, ProductID, CustomerID, DateID, Quantity) values (4084, 2083, 1024, 5047, 1020);
insert into Orders (OrderID, ProductID, CustomerID, DateID, Quantity) values (4085, 2079, 1078, 5175, 1117);
insert into Orders (OrderID, ProductID, CustomerID, DateID, Quantity) values (4086, 2031, 1037, 5035, 890);
insert into Orders (OrderID, ProductID, CustomerID, DateID, Quantity) values (4087, 2097, 1065, 5115, 609);
insert into Orders (OrderID, ProductID, CustomerID, DateID, Quantity) values (4088, 2032, 1070, 5086, 490);
insert into Orders (OrderID, ProductID, CustomerID, DateID, Quantity) values (4089, 2100, 1069, 5163, 598);
insert into Orders (OrderID, ProductID, CustomerID, DateID, Quantity) values (4090, 2033, 1044, 5141, 1075);
insert into Orders (OrderID, ProductID, CustomerID, DateID, Quantity) values (4091, 2074, 1088, 5167, 1039);
insert into Orders (OrderID, ProductID, CustomerID, DateID, Quantity) values (4092, 2048, 1056, 5123, 1067);
insert into Orders (OrderID, ProductID, CustomerID, DateID, Quantity) values (4093, 2096, 1018, 5099, 1160);
insert into Orders (OrderID, ProductID, CustomerID, DateID, Quantity) values (4094, 2054, 1013, 5141, 284);
insert into Orders (OrderID, ProductID, CustomerID, DateID, Quantity) values (4095, 2005, 1067, 5094, 1180);
insert into Orders (OrderID, ProductID, CustomerID, DateID, Quantity) values (4096, 2039, 1065, 5148, 694);
insert into Orders (OrderID, ProductID, CustomerID, DateID, Quantity) values (4097, 2102, 1018, 5175, 847);
insert into Orders (OrderID, ProductID, CustomerID, DateID, Quantity) values (4098, 2055, 1046, 5163, 925);
insert into Orders (OrderID, ProductID, CustomerID, DateID, Quantity) values (4099, 2081, 1048, 5171, 649);
insert into Orders (OrderID, ProductID, CustomerID, DateID, Quantity) values (4100, 2055, 1007, 5085, 1103);
insert into Orders (OrderID, ProductID, CustomerID, DateID, Quantity) values (4101, 2065, 1060, 5068, 425);
insert into Orders (OrderID, ProductID, CustomerID, DateID, Quantity) values (4102, 2019, 1002, 5165, 979);
insert into Orders (OrderID, ProductID, CustomerID, DateID, Quantity) values (4103, 2032, 1053, 5116, 757);
insert into Orders (OrderID, ProductID, CustomerID, DateID, Quantity) values (4104, 2048, 1018, 5101, 822);
insert into Orders (OrderID, ProductID, CustomerID, DateID, Quantity) values (4105, 2068, 1088, 5029, 491);
insert into Orders (OrderID, ProductID, CustomerID, DateID, Quantity) values (4106, 2061, 1033, 5127, 566);
insert into Orders (OrderID, ProductID, CustomerID, DateID, Quantity) values (4107, 2091, 1023, 5176, 846);
insert into Orders (OrderID, ProductID, CustomerID, DateID, Quantity) values (4108, 2067, 1082, 5149, 461);
insert into Orders (OrderID, ProductID, CustomerID, DateID, Quantity) values (4109, 2089, 1088, 5048, 837);
insert into Orders (OrderID, ProductID, CustomerID, DateID, Quantity) values (4110, 2029, 1026, 5015, 1098);
insert into Orders (OrderID, ProductID, CustomerID, DateID, Quantity) values (4111, 2041, 1041, 5141, 1084);
insert into Orders (OrderID, ProductID, CustomerID, DateID, Quantity) values (4112, 2024, 1079, 5052, 692);
insert into Orders (OrderID, ProductID, CustomerID, DateID, Quantity) values (4113, 2080, 1036, 5152, 678);
insert into Orders (OrderID, ProductID, CustomerID, DateID, Quantity) values (4114, 2010, 1021, 5113, 781);
insert into Orders (OrderID, ProductID, CustomerID, DateID, Quantity) values (4115, 2054, 1006, 5165, 219);
insert into Orders (OrderID, ProductID, CustomerID, DateID, Quantity) values (4116, 2015, 1002, 5005, 443);
insert into Orders (OrderID, ProductID, CustomerID, DateID, Quantity) values (4117, 2012, 1008, 5002, 658);
insert into Orders (OrderID, ProductID, CustomerID, DateID, Quantity) values (4118, 2061, 1064, 5042, 683);
insert into Orders (OrderID, ProductID, CustomerID, DateID, Quantity) values (4119, 2079, 1071, 5005, 410);
insert into Orders (OrderID, ProductID, CustomerID, DateID, Quantity) values (4120, 2020, 1032, 5026, 827);
insert into Orders (OrderID, ProductID, CustomerID, DateID, Quantity) values (4121, 2100, 1083, 5041, 191);
insert into Orders (OrderID, ProductID, CustomerID, DateID, Quantity) values (4122, 2066, 1072, 5067, 726);
insert into Orders (OrderID, ProductID, CustomerID, DateID, Quantity) values (4123, 2060, 1058, 5056, 1124);
insert into Orders (OrderID, ProductID, CustomerID, DateID, Quantity) values (4124, 2056, 1022, 5140, 295);
insert into Orders (OrderID, ProductID, CustomerID, DateID, Quantity) values (4125, 2034, 1018, 5040, 317);
insert into Orders (OrderID, ProductID, CustomerID, DateID, Quantity) values (4126, 2091, 1022, 5122, 1122);
insert into Orders (OrderID, ProductID, CustomerID, DateID, Quantity) values (4127, 2039, 1074, 5103, 1110);
insert into Orders (OrderID, ProductID, CustomerID, DateID, Quantity) values (4128, 2012, 1008, 5099, 560);
insert into Orders (OrderID, ProductID, CustomerID, DateID, Quantity) values (4129, 2071, 1005, 5164, 907);
insert into Orders (OrderID, ProductID, CustomerID, DateID, Quantity) values (4130, 2078, 1006, 5037, 332);
insert into Orders (OrderID, ProductID, CustomerID, DateID, Quantity) values (4131, 2014, 1074, 5037, 449);
insert into Orders (OrderID, ProductID, CustomerID, DateID, Quantity) values (4132, 2090, 1031, 5053, 963);
insert into Orders (OrderID, ProductID, CustomerID, DateID, Quantity) values (4133, 2018, 1047, 5119, 756);
insert into Orders (OrderID, ProductID, CustomerID, DateID, Quantity) values (4134, 2094, 1075, 5006, 1092);
insert into Orders (OrderID, ProductID, CustomerID, DateID, Quantity) values (4135, 2034, 1065, 5143, 375);
insert into Orders (OrderID, ProductID, CustomerID, DateID, Quantity) values (4136, 2085, 1031, 5031, 561);
insert into Orders (OrderID, ProductID, CustomerID, DateID, Quantity) values (4137, 2027, 1032, 5173, 1029);
insert into Orders (OrderID, ProductID, CustomerID, DateID, Quantity) values (4138, 2022, 1003, 5112, 1090);
insert into Orders (OrderID, ProductID, CustomerID, DateID, Quantity) values (4139, 2057, 1016, 5097, 191);
insert into Orders (OrderID, ProductID, CustomerID, DateID, Quantity) values (4140, 2035, 1052, 5125, 592);
insert into Orders (OrderID, ProductID, CustomerID, DateID, Quantity) values (4141, 2010, 1086, 5092, 527);
insert into Orders (OrderID, ProductID, CustomerID, DateID, Quantity) values (4142, 2002, 1085, 5156, 905);
insert into Orders (OrderID, ProductID, CustomerID, DateID, Quantity) values (4143, 2058, 1021, 5106, 199);
insert into Orders (OrderID, ProductID, CustomerID, DateID, Quantity) values (4144, 2046, 1043, 5050, 252);
insert into Orders (OrderID, ProductID, CustomerID, DateID, Quantity) values (4145, 2053, 1026, 5146, 447);
insert into Orders (OrderID, ProductID, CustomerID, DateID, Quantity) values (4146, 2037, 1025, 5022, 821);
insert into Orders (OrderID, ProductID, CustomerID, DateID, Quantity) values (4147, 2103, 1080, 5168, 1092);
insert into Orders (OrderID, ProductID, CustomerID, DateID, Quantity) values (4148, 2018, 1013, 5104, 902);
insert into Orders (OrderID, ProductID, CustomerID, DateID, Quantity) values (4149, 2029, 1006, 5042, 1070);
insert into Orders (OrderID, ProductID, CustomerID, DateID, Quantity) values (4150, 2076, 1009, 5088, 872);
insert into Orders (OrderID, ProductID, CustomerID, DateID, Quantity) values (4151, 2033, 1046, 5013, 578);
insert into Orders (OrderID, ProductID, CustomerID, DateID, Quantity) values (4152, 2085, 1029, 5151, 1090);
insert into Orders (OrderID, ProductID, CustomerID, DateID, Quantity) values (4153, 2094, 1048, 5129, 1186);
insert into Orders (OrderID, ProductID, CustomerID, DateID, Quantity) values (4154, 2063, 1013, 5121, 536);
insert into Orders (OrderID, ProductID, CustomerID, DateID, Quantity) values (4155, 2044, 1028, 5122, 868);
insert into Orders (OrderID, ProductID, CustomerID, DateID, Quantity) values (4156, 2049, 1028, 5035, 263);
insert into Orders (OrderID, ProductID, CustomerID, DateID, Quantity) values (4157, 2088, 1042, 5173, 609);
insert into Orders (OrderID, ProductID, CustomerID, DateID, Quantity) values (4158, 2082, 1025, 5105, 961);
insert into Orders (OrderID, ProductID, CustomerID, DateID, Quantity) values (4159, 2011, 1042, 5139, 819);
insert into Orders (OrderID, ProductID, CustomerID, DateID, Quantity) values (4160, 2073, 1060, 5125, 261);
insert into Orders (OrderID, ProductID, CustomerID, DateID, Quantity) values (4161, 2066, 1010, 5071, 996);
insert into Orders (OrderID, ProductID, CustomerID, DateID, Quantity) values (4162, 2049, 1053, 5166, 1050);
insert into Orders (OrderID, ProductID, CustomerID, DateID, Quantity) values (4163, 2100, 1059, 5007, 593);
insert into Orders (OrderID, ProductID, CustomerID, DateID, Quantity) values (4164, 2101, 1083, 5004, 1104);
insert into Orders (OrderID, ProductID, CustomerID, DateID, Quantity) values (4165, 2053, 1082, 5106, 330);
insert into Orders (OrderID, ProductID, CustomerID, DateID, Quantity) values (4166, 2020, 1050, 5142, 315);
insert into Orders (OrderID, ProductID, CustomerID, DateID, Quantity) values (4167, 2026, 1061, 5036, 691);
insert into Orders (OrderID, ProductID, CustomerID, DateID, Quantity) values (4168, 2040, 1026, 5074, 306);
insert into Orders (OrderID, ProductID, CustomerID, DateID, Quantity) values (4169, 2098, 1058, 5017, 366);
insert into Orders (OrderID, ProductID, CustomerID, DateID, Quantity) values (4170, 2072, 1039, 5119, 304);
insert into Orders (OrderID, ProductID, CustomerID, DateID, Quantity) values (4171, 2011, 1062, 5084, 394);
insert into Orders (OrderID, ProductID, CustomerID, DateID, Quantity) values (4172, 2020, 1029, 5172, 823);
insert into Orders (OrderID, ProductID, CustomerID, DateID, Quantity) values (4173, 2036, 1022, 5018, 603);
insert into Orders (OrderID, ProductID, CustomerID, DateID, Quantity) values (4174, 2098, 1077, 5177, 818);
insert into Orders (OrderID, ProductID, CustomerID, DateID, Quantity) values (4175, 2073, 1076, 5137, 907);
insert into Orders (OrderID, ProductID, CustomerID, DateID, Quantity) values (4176, 2062, 1057, 5008, 895);
insert into Orders (OrderID, ProductID, CustomerID, DateID, Quantity) values (4177, 2026, 1064, 5010, 1037);
insert into Orders (OrderID, ProductID, CustomerID, DateID, Quantity) values (4178, 2099, 1068, 5117, 897);
insert into Orders (OrderID, ProductID, CustomerID, DateID, Quantity) values (4179, 2082, 1020, 5112, 746);
insert into Orders (OrderID, ProductID, CustomerID, DateID, Quantity) values (4180, 2056, 1044, 5033, 490);
insert into Orders (OrderID, ProductID, CustomerID, DateID, Quantity) values (4181, 2026, 1015, 5032, 898);
insert into Orders (OrderID, ProductID, CustomerID, DateID, Quantity) values (4182, 2060, 1059, 5148, 1184);
insert into Orders (OrderID, ProductID, CustomerID, DateID, Quantity) values (4183, 2029, 1043, 5145, 222);
insert into Orders (OrderID, ProductID, CustomerID, DateID, Quantity) values (4184, 2087, 1044, 5098, 234);
insert into Orders (OrderID, ProductID, CustomerID, DateID, Quantity) values (4185, 2018, 1025, 5054, 1163);
insert into Orders (OrderID, ProductID, CustomerID, DateID, Quantity) values (4186, 2080, 1077, 5116, 1197);
insert into Orders (OrderID, ProductID, CustomerID, DateID, Quantity) values (4187, 2037, 1075, 5057, 695);
insert into Orders (OrderID, ProductID, CustomerID, DateID, Quantity) values (4188, 2030, 1076, 5141, 1193);
insert into Orders (OrderID, ProductID, CustomerID, DateID, Quantity) values (4189, 2087, 1013, 5066, 1013);
insert into Orders (OrderID, ProductID, CustomerID, DateID, Quantity) values (4190, 2005, 1079, 5016, 371);
insert into Orders (OrderID, ProductID, CustomerID, DateID, Quantity) values (4191, 2076, 1015, 5031, 1146);
insert into Orders (OrderID, ProductID, CustomerID, DateID, Quantity) values (4192, 2010, 1057, 5051, 923);
insert into Orders (OrderID, ProductID, CustomerID, DateID, Quantity) values (4193, 2094, 1051, 5068, 1140);
insert into Orders (OrderID, ProductID, CustomerID, DateID, Quantity) values (4194, 2062, 1085, 5032, 1033);
insert into Orders (OrderID, ProductID, CustomerID, DateID, Quantity) values (4195, 2082, 1078, 5180, 479);
insert into Orders (OrderID, ProductID, CustomerID, DateID, Quantity) values (4196, 2008, 1079, 5058, 1028);
insert into Orders (OrderID, ProductID, CustomerID, DateID, Quantity) values (4197, 2006, 1016, 5104, 761);
insert into Orders (OrderID, ProductID, CustomerID, DateID, Quantity) values (4198, 2102, 1059, 5026, 778);
insert into Orders (OrderID, ProductID, CustomerID, DateID, Quantity) values (4199, 2070, 1083, 5160, 584);
insert into Orders (OrderID, ProductID, CustomerID, DateID, Quantity) values (4200, 2082, 1003, 5158, 381);
insert into Orders (OrderID, ProductID, CustomerID, DateID, Quantity) values (4201, 2078, 1051, 5023, 1139);
insert into Orders (OrderID, ProductID, CustomerID, DateID, Quantity) values (4202, 2024, 1032, 5085, 697);
insert into Orders (OrderID, ProductID, CustomerID, DateID, Quantity) values (4203, 2044, 1054, 5039, 996);
insert into Orders (OrderID, ProductID, CustomerID, DateID, Quantity) values (4204, 2043, 1053, 5142, 722);
insert into Orders (OrderID, ProductID, CustomerID, DateID, Quantity) values (4205, 2074, 1003, 5071, 717);
insert into Orders (OrderID, ProductID, CustomerID, DateID, Quantity) values (4206, 2063, 1088, 5091, 458);
insert into Orders (OrderID, ProductID, CustomerID, DateID, Quantity) values (4207, 2014, 1004, 5041, 540);
insert into Orders (OrderID, ProductID, CustomerID, DateID, Quantity) values (4208, 2043, 1042, 5023, 1195);
insert into Orders (OrderID, ProductID, CustomerID, DateID, Quantity) values (4209, 2057, 1015, 5074, 373);
insert into Orders (OrderID, ProductID, CustomerID, DateID, Quantity) values (4210, 2085, 1026, 5150, 485);
insert into Orders (OrderID, ProductID, CustomerID, DateID, Quantity) values (4211, 2059, 1066, 5103, 333);
insert into Orders (OrderID, ProductID, CustomerID, DateID, Quantity) values (4212, 2084, 1058, 5054, 703);
insert into Orders (OrderID, ProductID, CustomerID, DateID, Quantity) values (4213, 2096, 1081, 5059, 714);
insert into Orders (OrderID, ProductID, CustomerID, DateID, Quantity) values (4214, 2030, 1043, 5159, 550);
insert into Orders (OrderID, ProductID, CustomerID, DateID, Quantity) values (4215, 2001, 1044, 5174, 466);
insert into Orders (OrderID, ProductID, CustomerID, DateID, Quantity) values (4216, 2037, 1023, 5083, 1004);
insert into Orders (OrderID, ProductID, CustomerID, DateID, Quantity) values (4217, 2058, 1074, 5150, 841);
insert into Orders (OrderID, ProductID, CustomerID, DateID, Quantity) values (4218, 2019, 1083, 5023, 859);
insert into Orders (OrderID, ProductID, CustomerID, DateID, Quantity) values (4219, 2060, 1088, 5154, 877);
insert into Orders (OrderID, ProductID, CustomerID, DateID, Quantity) values (4220, 2091, 1060, 5167, 529);
insert into Orders (OrderID, ProductID, CustomerID, DateID, Quantity) values (4221, 2025, 1024, 5083, 400);
insert into Orders (OrderID, ProductID, CustomerID, DateID, Quantity) values (4222, 2004, 1013, 5021, 973);
insert into Orders (OrderID, ProductID, CustomerID, DateID, Quantity) values (4223, 2049, 1064, 5114, 721);
insert into Orders (OrderID, ProductID, CustomerID, DateID, Quantity) values (4224, 2013, 1071, 5138, 1072);
insert into Orders (OrderID, ProductID, CustomerID, DateID, Quantity) values (4225, 2014, 1040, 5137, 864);
insert into Orders (OrderID, ProductID, CustomerID, DateID, Quantity) values (4226, 2027, 1044, 5069, 378);
insert into Orders (OrderID, ProductID, CustomerID, DateID, Quantity) values (4227, 2066, 1013, 5021, 1056);
insert into Orders (OrderID, ProductID, CustomerID, DateID, Quantity) values (4228, 2040, 1010, 5156, 1137);
insert into Orders (OrderID, ProductID, CustomerID, DateID, Quantity) values (4229, 2091, 1078, 5008, 268);
insert into Orders (OrderID, ProductID, CustomerID, DateID, Quantity) values (4230, 2087, 1060, 5148, 854);
insert into Orders (OrderID, ProductID, CustomerID, DateID, Quantity) values (4231, 2012, 1013, 5073, 473);
insert into Orders (OrderID, ProductID, CustomerID, DateID, Quantity) values (4232, 2005, 1065, 5180, 774);
insert into Orders (OrderID, ProductID, CustomerID, DateID, Quantity) values (4233, 2015, 1022, 5160, 836);
insert into Orders (OrderID, ProductID, CustomerID, DateID, Quantity) values (4234, 2025, 1084, 5158, 1028);
insert into Orders (OrderID, ProductID, CustomerID, DateID, Quantity) values (4235, 2003, 1057, 5027, 599);
insert into Orders (OrderID, ProductID, CustomerID, DateID, Quantity) values (4236, 2029, 1043, 5020, 1175);
insert into Orders (OrderID, ProductID, CustomerID, DateID, Quantity) values (4237, 2032, 1036, 5021, 355);
insert into Orders (OrderID, ProductID, CustomerID, DateID, Quantity) values (4238, 2011, 1004, 5064, 289);
insert into Orders (OrderID, ProductID, CustomerID, DateID, Quantity) values (4239, 2016, 1064, 5161, 835);
insert into Orders (OrderID, ProductID, CustomerID, DateID, Quantity) values (4240, 2004, 1023, 5035, 408);

create table Product (
	ID INT,
	Name VARCHAR(42),
	CategoryID INT,
	Price INT,
	Stock INT
);
insert into Product (ID, Name, CategoryID, Price, Stock) values (2001, 'Ponds cream', 3001, 2601, 3843);
insert into Product (ID, Name, CategoryID, Price, Stock) values (2002, 'Vaseline jelly', 3001, 4651, 2930);
insert into Product (ID, Name, CategoryID, Price, Stock) values (2003, 'Boroplus', 3001, 10930, 3953);
insert into Product (ID, Name, CategoryID, Price, Stock) values (2004, 'Wildstone', 3001, 6281, 3619);
insert into Product (ID, Name, CategoryID, Price, Stock) values (2005, 'AquaArbor Refreshing Rosewater Mist', 3001, 4493, 2150);
insert into Product (ID, Name, CategoryID, Price, Stock) values (2006, 'SparkSculpt Brow Sculpting Gel', 3001, 11682, 1842);
insert into Product (ID, Name, CategoryID, Price, Stock) values (2007, 'PixelPalace Prism Highlight Palette', 3001, 4692, 6000);
insert into Product (ID, Name, CategoryID, Price, Stock) values (2008, 'NovaNectar Nourishing Night Cream', 3001, 3424, 2618);
insert into Product (ID, Name, CategoryID, Price, Stock) values (2009, 'SolarSculpt Sun-Kissed Bronzer', 3001, 3671, 5872);
insert into Product (ID, Name, CategoryID, Price, Stock) values (2010, 'LunaLume Luminous Liquid Eyeliner', 3001, 10090, 3878);
insert into Product (ID, Name, CategoryID, Price, Stock) values (2011, 'BlazeBreeze Bold and Beautiful Mascara', 3001, 6900, 2635);
insert into Product (ID, Name, CategoryID, Price, Stock) values (2012, 'PentaPetal Petal-Soft Facial Toner', 3001, 4066, 1944);
insert into Product (ID, Name, CategoryID, Price, Stock) values (2013, 'TerraTreasure Mineral Infused Foundation', 3001, 10233, 1466);
insert into Product (ID, Name, CategoryID, Price, Stock) values (2014, 'QuantumGlow Glitter Glam Nail Polish', 3001, 10008, 2135);
insert into Product (ID, Name, CategoryID, Price, Stock) values (2015, 'ZenithZephyr Zenful Facial Mist', 3001, 10233, 4036);
insert into Product (ID, Name, CategoryID, Price, Stock) values (2016, 'Runner''s Shoes', 3002, 5491, 2674);
insert into Product (ID, Name, CategoryID, Price, Stock) values (2017, 'Smart Fitness Watch', 3002, 10089, 5557);
insert into Product (ID, Name, CategoryID, Price, Stock) values (2018, 'Performance Cycling Gear', 3002, 3453, 5040);
insert into Product (ID, Name, CategoryID, Price, Stock) values (2019, 'Yoga Harmony Mat', 3002, 10915, 2580);
insert into Product (ID, Name, CategoryID, Price, Stock) values (2020, 'Power Gloves', 3002, 11321, 2004);
insert into Product (ID, Name, CategoryID, Price, Stock) values (2021, 'NovaNest Marathon Compression Socks', 3002, 10511, 1495);
insert into Product (ID, Name, CategoryID, Price, Stock) values (2022, 'SparkSculpt Heavy-Duty Weightlifting Belt', 3002, 2618, 5331);
insert into Product (ID, Name, CategoryID, Price, Stock) values (2023, 'AquaArbor Ultimate Hydration System', 3002, 4895, 2252);
insert into Product (ID, Name, CategoryID, Price, Stock) values (2024, 'LunaLume Reflective Cycling Jacket', 3002, 6043, 1819);
insert into Product (ID, Name, CategoryID, Price, Stock) values (2025, 'EmberEcho Trailblazer Running Backpack', 3002, 3798, 4323);
insert into Product (ID, Name, CategoryID, Price, Stock) values (2026, 'ZenZest SwingMaster Golf Analyzer', 3002, 3497, 4906);
insert into Product (ID, Name, CategoryID, Price, Stock) values (2027, 'SolarSculpt Pro Tennis Precision Racket', 3002, 2155, 5449);
insert into Product (ID, Name, CategoryID, Price, Stock) values (2028, 'PentaPetal Pilates Power Bands', 3002, 5782, 4142);
insert into Product (ID, Name, CategoryID, Price, Stock) values (2029, 'TerraTreasure Trekking Pole Set', 3002, 10193, 2347);
insert into Product (ID, Name, CategoryID, Price, Stock) values (2030, 'QuantumGlow Basketball Brilliance Sleeve', 3002, 10260, 2075);
insert into Product (ID, Name, CategoryID, Price, Stock) values (2031, 'Precision Screwdriver Set', 3003, 10534, 1505);
insert into Product (ID, Name, CategoryID, Price, Stock) values (2032, 'PowerPro Drill', 3003, 5142, 2024);
insert into Product (ID, Name, CategoryID, Price, Stock) values (2033, 'Heavy-Duty Pipe Wrench', 3003, 7902, 5301);
insert into Product (ID, Name, CategoryID, Price, Stock) values (2034, 'Hammer', 3003, 7127, 2088);
insert into Product (ID, Name, CategoryID, Price, Stock) values (2035, 'Paintbrush Set', 3003, 9326, 1814);
insert into Product (ID, Name, CategoryID, Price, Stock) values (2036, 'LunarLoom Wire Stripping Pliers', 3003, 7596, 5312);
insert into Product (ID, Name, CategoryID, Price, Stock) values (2037, 'BlazeBreeze Multi-Tool Master Kit', 3003, 2935, 3580);
insert into Product (ID, Name, CategoryID, Price, Stock) values (2038, 'PixelPalace High-Torque Impact Driver', 3003, 2529, 4174);
insert into Product (ID, Name, CategoryID, Price, Stock) values (2039, 'QuantumGlow LED Work Light', 3003, 2437, 3344);
insert into Product (ID, Name, CategoryID, Price, Stock) values (2040, 'SolarSculpt Tough Tape Measure', 3003, 6932, 4002);
insert into Product (ID, Name, CategoryID, Price, Stock) values (2041, 'TerraTreasure Turbocharged Chainsaw', 3003, 8628, 4866);
insert into Product (ID, Name, CategoryID, Price, Stock) values (2042, 'MysticMingle Durable Drill Bits', 3003, 4346, 4594);
insert into Product (ID, Name, CategoryID, Price, Stock) values (2043, 'SilverSpire Sturdy Step Ladder', 3003, 3495, 3391);
insert into Product (ID, Name, CategoryID, Price, Stock) values (2044, 'ZenithZephyr Tough Toolbox', 3003, 11827, 3807);
insert into Product (ID, Name, CategoryID, Price, Stock) values (2045, 'CrystalCrest Carpenters'' Chisel Set', 3003, 9215, 1018);
insert into Product (ID, Name, CategoryID, Price, Stock) values (2046, 'Organic Berry Blend', 3004, 7498, 5785);
insert into Product (ID, Name, CategoryID, Price, Stock) values (2047, 'Avocado Oil', 3004, 4940, 3926);
insert into Product (ID, Name, CategoryID, Price, Stock) values (2048, 'Himalayan Pink Salt', 3004, 3527, 5817);
insert into Product (ID, Name, CategoryID, Price, Stock) values (2049, 'Harvest Mix', 3004, 3711, 3992);
insert into Product (ID, Name, CategoryID, Price, Stock) values (2050, 'Mediterranean Herb Infusion', 3004, 11283, 2024);
insert into Product (ID, Name, CategoryID, Price, Stock) values (2051, 'QuantumQuill Quinoa Flour', 3004, 9860, 4796);
insert into Product (ID, Name, CategoryID, Price, Stock) values (2052, 'SparkSculpt Almond Bliss Granola', 3004, 10663, 4586);
insert into Product (ID, Name, CategoryID, Price, Stock) values (2053, 'TerraTreasure Wildflower Honey', 3004, 10336, 4589);
insert into Product (ID, Name, CategoryID, Price, Stock) values (2054, 'MysticMingle Chai Spice Tea', 3004, 8421, 2623);
insert into Product (ID, Name, CategoryID, Price, Stock) values (2055, 'NovaNectar Coconut Bliss Energy Bars', 3004, 6105, 2598);
insert into Product (ID, Name, CategoryID, Price, Stock) values (2056, 'AquaArbor Organic Jasmine Rice', 3004, 10100, 3540);
insert into Product (ID, Name, CategoryID, Price, Stock) values (2057, 'EmberEnigma Maple Drizzle Syrup', 3004, 3414, 3984);
insert into Product (ID, Name, CategoryID, Price, Stock) values (2058, 'SolarSculpt Superfood Smoothie Mix', 3004, 5688, 3835);
insert into Product (ID, Name, CategoryID, Price, Stock) values (2059, 'BlazeBreeze Roasted Coffee Bean Blend', 3004, 4424, 4149);
insert into Product (ID, Name, CategoryID, Price, Stock) values (2060, 'PentaPetal Artisanal Dark Chocolate', 3004, 9497, 1384);
insert into Product (ID, Name, CategoryID, Price, Stock) values (2061, 'VelvetVogue Silk Elegance Gown', 3005, 9559, 2890);
insert into Product (ID, Name, CategoryID, Price, Stock) values (2062, 'StellarStyle Urban Explorer Jacket', 3005, 6225, 4673);
insert into Product (ID, Name, CategoryID, Price, Stock) values (2063, 'NovaNest Tailored Denim Jumpsuit', 3005, 4272, 5306);
insert into Product (ID, Name, CategoryID, Price, Stock) values (2064, 'QuantumQuill Stratosphere Trench Coat', 3005, 2745, 5549);
insert into Product (ID, Name, CategoryID, Price, Stock) values (2065, 'SolarSculpt Linen Breeze Shirt Dress', 3005, 11092, 3330);
insert into Product (ID, Name, CategoryID, Price, Stock) values (2066, 'SparkSculpt Athleisure Fusion Leggings', 3005, 6224, 3103);
insert into Product (ID, Name, CategoryID, Price, Stock) values (2067, 'EmberEnigma Boho Chic Maxi Skirt', 3005, 11254, 4023);
insert into Product (ID, Name, CategoryID, Price, Stock) values (2068, 'AquaArbor Coastal Comfort Sweater', 3005, 7140, 3809);
insert into Product (ID, Name, CategoryID, Price, Stock) values (2069, 'LunaLume Ethereal Lace Blouse', 3005, 8646, 3639);
insert into Product (ID, Name, CategoryID, Price, Stock) values (2070, 'BlazeBreeze Streetwise Leather Jacket', 3005, 4146, 4289);
insert into Product (ID, Name, CategoryID, Price, Stock) values (2071, 'PixelPalace Pixel-Perfect Graphic Tee', 3005, 4355, 5193);
insert into Product (ID, Name, CategoryID, Price, Stock) values (2072, 'ZenZest Zenith Zip-Up Hoodie', 3005, 9103, 2810);
insert into Product (ID, Name, CategoryID, Price, Stock) values (2073, 'TerraTreasure Twill Temptation Trousers', 3005, 2285, 3745);
insert into Product (ID, Name, CategoryID, Price, Stock) values (2074, 'MysticMingle Mystic Melody Kimono', 3005, 5289, 5967);
insert into Product (ID, Name, CategoryID, Price, Stock) values (2075, 'SilverSpire Silver Lining Bomber Jacket', 3005, 2507, 3090);
insert into Product (ID, Name, CategoryID, Price, Stock) values (2076, 'Chair', 3006, 10295, 3989);
insert into Product (ID, Name, CategoryID, Price, Stock) values (2077, 'Modular Sofa', 3006, 4892, 1666);
insert into Product (ID, Name, CategoryID, Price, Stock) values (2078, 'NovaNest Minimalist Bedside Table', 3006, 9125, 3041);
insert into Product (ID, Name, CategoryID, Price, Stock) values (2079, 'Ergo-Comfort Desk Chair', 3006, 7557, 3715);
insert into Product (ID, Name, CategoryID, Price, Stock) values (2080, 'Floating Shelf System', 3006, 7096, 4075);
insert into Product (ID, Name, CategoryID, Price, Stock) values (2081, 'Standing Lamp', 3006, 9432, 3825);
insert into Product (ID, Name, CategoryID, Price, Stock) values (2082, 'LunaLume Lunar Coffee Table', 3006, 3257, 5277);
insert into Product (ID, Name, CategoryID, Price, Stock) values (2083, 'EmberEcho Mid-Century Velvet Ottoman', 3006, 9317, 1633);
insert into Product (ID, Name, CategoryID, Price, Stock) values (2084, 'SparkSculpt Scandinavian Dining Set', 3006, 7942, 5302);
insert into Product (ID, Name, CategoryID, Price, Stock) values (2085, 'AquaArbor Coastal Console Table', 3006, 4492, 4847);
insert into Product (ID, Name, CategoryID, Price, Stock) values (2086, 'BlazeBreeze Wardrobe Wonderland', 3006, 5213, 5262);
insert into Product (ID, Name, CategoryID, Price, Stock) values (2087, 'PixelPalace Geometric Bookshelf', 3006, 2317, 3834);
insert into Product (ID, Name, CategoryID, Price, Stock) values (2088, 'ZenithZephyr Zen Garden Bench', 3006, 6427, 5516);
insert into Product (ID, Name, CategoryID, Price, Stock) values (2089, 'MysticMingle Vintage Vanity Mirror', 3006, 3924, 3765);
insert into Product (ID, Name, CategoryID, Price, Stock) values (2090, 'SilverSpire Timeless Sideboard', 3006, 2838, 2812);
insert into Product (ID, Name, CategoryID, Price, Stock) values (2091, 'CulinaryCraft Precision Chef''s Knife', 3007, 5711, 1175);
insert into Product (ID, Name, CategoryID, Price, Stock) values (2092, 'PrecisionPour Stainless Steel Mixing Bowls', 3007, 7901, 4041);
insert into Product (ID, Name, CategoryID, Price, Stock) values (2093, 'GourmetGlide Non-Stick Wok', 3007, 9009, 4231);
insert into Product (ID, Name, CategoryID, Price, Stock) values (2094, 'ZenithZest Herb Infuser Carafe', 3007, 8925, 5875);
insert into Product (ID, Name, CategoryID, Price, Stock) values (2095, 'NovaNectar Citrus Squeeze Juicer', 3007, 4054, 1371);
insert into Product (ID, Name, CategoryID, Price, Stock) values (2096, 'EmberEnigma Bamboo Cutting Board Set', 3007, 4007, 5288);
insert into Product (ID, Name, CategoryID, Price, Stock) values (2097, 'AquaArbor Silicone Cooking Utensil Set', 3007, 3344, 3563);
insert into Product (ID, Name, CategoryID, Price, Stock) values (2098, 'SparkSculpt Electric Spice Grinder', 3007, 6610, 4166);
insert into Product (ID, Name, CategoryID, Price, Stock) values (2099, 'TerraTreasure Copper Cookware Collection', 3007, 11054, 2587);
insert into Product (ID, Name, CategoryID, Price, Stock) values (2100, 'SolarSavor Digital Kitchen Scale', 3007, 5980, 4469);
insert into Product (ID, Name, CategoryID, Price, Stock) values (2101, 'QuantumQuill Pour-Over Coffee Maker', 3007, 3010, 4084);
insert into Product (ID, Name, CategoryID, Price, Stock) values (2102, 'BlazeBreeze Glass Baking Dish Set', 3007, 9407, 5217);
insert into Product (ID, Name, CategoryID, Price, Stock) values (2103, 'PixelPalace Pastel Dishware Collection', 3007, 8609, 3513);
insert into Product (ID, Name, CategoryID, Price, Stock) values (2104, 'LunaLume Premium Wine Opener', 3007, 10469, 3474);
insert into Product (ID, Name, CategoryID, Price, Stock) values (2105, 'CrystalCrest Marble Coated Cookware Set', 3007, 9958, 3356);

create table Time (
	ID INT,
	Day VARCHAR(9),
	Date INT,
	Month INT,
	Year INT
);
insert into Time (ID, Day, Date, Month, Year) values (5001, 'Monday', 20, 4, 2019);
insert into Time (ID, Day, Date, Month, Year) values (5002, 'Friday', 4, 6, 2021);
insert into Time (ID, Day, Date, Month, Year) values (5003, 'Monday', 6, 3, 2014);
insert into Time (ID, Day, Date, Month, Year) values (5004, 'Monday', 15, 8, 2015);
insert into Time (ID, Day, Date, Month, Year) values (5005, 'Sunday', 16, 10, 2016);
insert into Time (ID, Day, Date, Month, Year) values (5006, 'Thursday', 4, 9, 2013);
insert into Time (ID, Day, Date, Month, Year) values (5007, 'Wednesday', 26, 7, 2013);
insert into Time (ID, Day, Date, Month, Year) values (5008, 'Monday', 22, 12, 2021);
insert into Time (ID, Day, Date, Month, Year) values (5009, 'Wednesday', 14, 10, 2015);
insert into Time (ID, Day, Date, Month, Year) values (5010, 'Thursday', 11, 4, 2022);
insert into Time (ID, Day, Date, Month, Year) values (5011, 'Wednesday', 18, 12, 2022);
insert into Time (ID, Day, Date, Month, Year) values (5012, 'Friday', 24, 1, 2017);
insert into Time (ID, Day, Date, Month, Year) values (5013, 'Tuesday', 13, 8, 2022);
insert into Time (ID, Day, Date, Month, Year) values (5014, 'Sunday', 6, 5, 2015);
insert into Time (ID, Day, Date, Month, Year) values (5015, 'Saturday', 13, 8, 2013);
insert into Time (ID, Day, Date, Month, Year) values (5016, 'Saturday', 1, 2, 2018);
insert into Time (ID, Day, Date, Month, Year) values (5017, 'Wednesday', 20, 4, 2016);
insert into Time (ID, Day, Date, Month, Year) values (5018, 'Saturday', 11, 6, 2021);
insert into Time (ID, Day, Date, Month, Year) values (5019, 'Friday', 22, 10, 2014);
insert into Time (ID, Day, Date, Month, Year) values (5020, 'Sunday', 16, 8, 2019);
insert into Time (ID, Day, Date, Month, Year) values (5021, 'Wednesday', 17, 4, 2019);
insert into Time (ID, Day, Date, Month, Year) values (5022, 'Saturday', 28, 11, 2014);
insert into Time (ID, Day, Date, Month, Year) values (5023, 'Sunday', 21, 6, 2013);
insert into Time (ID, Day, Date, Month, Year) values (5024, 'Thursday', 10, 3, 2013);
insert into Time (ID, Day, Date, Month, Year) values (5025, 'Thursday', 1, 10, 2020);
insert into Time (ID, Day, Date, Month, Year) values (5026, 'Saturday', 11, 4, 2022);
insert into Time (ID, Day, Date, Month, Year) values (5027, 'Sunday', 22, 3, 2013);
insert into Time (ID, Day, Date, Month, Year) values (5028, 'Tuesday', 16, 12, 2019);
insert into Time (ID, Day, Date, Month, Year) values (5029, 'Tuesday', 19, 12, 2020);
insert into Time (ID, Day, Date, Month, Year) values (5030, 'Sunday', 10, 11, 2018);
insert into Time (ID, Day, Date, Month, Year) values (5031, 'Thursday', 25, 6, 2013);
insert into Time (ID, Day, Date, Month, Year) values (5032, 'Tuesday', 23, 11, 2019);
insert into Time (ID, Day, Date, Month, Year) values (5033, 'Sunday', 18, 2, 2018);
insert into Time (ID, Day, Date, Month, Year) values (5034, 'Saturday', 9, 4, 2014);
insert into Time (ID, Day, Date, Month, Year) values (5035, 'Monday', 9, 12, 2014);
insert into Time (ID, Day, Date, Month, Year) values (5036, 'Sunday', 10, 2, 2013);
insert into Time (ID, Day, Date, Month, Year) values (5037, 'Wednesday', 16, 12, 2015);
insert into Time (ID, Day, Date, Month, Year) values (5038, 'Monday', 5, 5, 2021);
insert into Time (ID, Day, Date, Month, Year) values (5039, 'Sunday', 1, 3, 2019);
insert into Time (ID, Day, Date, Month, Year) values (5040, 'Wednesday', 14, 3, 2016);
insert into Time (ID, Day, Date, Month, Year) values (5041, 'Wednesday', 23, 5, 2014);
insert into Time (ID, Day, Date, Month, Year) values (5042, 'Saturday', 17, 6, 2018);
insert into Time (ID, Day, Date, Month, Year) values (5043, 'Thursday', 2, 7, 2014);
insert into Time (ID, Day, Date, Month, Year) values (5044, 'Sunday', 16, 3, 2020);
insert into Time (ID, Day, Date, Month, Year) values (5045, 'Saturday', 10, 8, 2021);
insert into Time (ID, Day, Date, Month, Year) values (5046, 'Thursday', 7, 12, 2016);
insert into Time (ID, Day, Date, Month, Year) values (5047, 'Friday', 10, 7, 2014);
insert into Time (ID, Day, Date, Month, Year) values (5048, 'Thursday', 19, 5, 2013);
insert into Time (ID, Day, Date, Month, Year) values (5049, 'Wednesday', 26, 9, 2022);
insert into Time (ID, Day, Date, Month, Year) values (5050, 'Sunday', 20, 3, 2017);
insert into Time (ID, Day, Date, Month, Year) values (5051, 'Thursday', 6, 5, 2013);
insert into Time (ID, Day, Date, Month, Year) values (5052, 'Wednesday', 20, 4, 2015);
insert into Time (ID, Day, Date, Month, Year) values (5053, 'Wednesday', 9, 9, 2013);
insert into Time (ID, Day, Date, Month, Year) values (5054, 'Sunday', 16, 10, 2016);
insert into Time (ID, Day, Date, Month, Year) values (5055, 'Sunday', 11, 9, 2022);
insert into Time (ID, Day, Date, Month, Year) values (5056, 'Wednesday', 21, 3, 2021);
insert into Time (ID, Day, Date, Month, Year) values (5057, 'Tuesday', 26, 4, 2022);
insert into Time (ID, Day, Date, Month, Year) values (5058, 'Friday', 27, 4, 2013);
insert into Time (ID, Day, Date, Month, Year) values (5059, 'Friday', 9, 6, 2020);
insert into Time (ID, Day, Date, Month, Year) values (5060, 'Monday', 18, 10, 2013);
insert into Time (ID, Day, Date, Month, Year) values (5061, 'Saturday', 27, 5, 2018);
insert into Time (ID, Day, Date, Month, Year) values (5062, 'Wednesday', 5, 11, 2014);
insert into Time (ID, Day, Date, Month, Year) values (5063, 'Wednesday', 6, 8, 2017);
insert into Time (ID, Day, Date, Month, Year) values (5064, 'Tuesday', 13, 1, 2017);
insert into Time (ID, Day, Date, Month, Year) values (5065, 'Thursday', 1, 9, 2019);
insert into Time (ID, Day, Date, Month, Year) values (5066, 'Wednesday', 3, 8, 2019);
insert into Time (ID, Day, Date, Month, Year) values (5067, 'Monday', 4, 6, 2018);
insert into Time (ID, Day, Date, Month, Year) values (5068, 'Tuesday', 6, 1, 2022);
insert into Time (ID, Day, Date, Month, Year) values (5069, 'Wednesday', 11, 9, 2014);
insert into Time (ID, Day, Date, Month, Year) values (5070, 'Thursday', 27, 6, 2018);
insert into Time (ID, Day, Date, Month, Year) values (5071, 'Monday', 6, 2, 2021);
insert into Time (ID, Day, Date, Month, Year) values (5072, 'Wednesday', 14, 5, 2018);
insert into Time (ID, Day, Date, Month, Year) values (5073, 'Friday', 17, 3, 2019);
insert into Time (ID, Day, Date, Month, Year) values (5074, 'Tuesday', 23, 3, 2016);
insert into Time (ID, Day, Date, Month, Year) values (5075, 'Thursday', 9, 12, 2014);
insert into Time (ID, Day, Date, Month, Year) values (5076, 'Friday', 21, 10, 2013);
insert into Time (ID, Day, Date, Month, Year) values (5077, 'Saturday', 22, 5, 2018);
insert into Time (ID, Day, Date, Month, Year) values (5078, 'Sunday', 5, 2, 2016);
insert into Time (ID, Day, Date, Month, Year) values (5079, 'Tuesday', 5, 9, 2020);
insert into Time (ID, Day, Date, Month, Year) values (5080, 'Monday', 15, 6, 2014);
insert into Time (ID, Day, Date, Month, Year) values (5081, 'Wednesday', 13, 7, 2021);
insert into Time (ID, Day, Date, Month, Year) values (5082, 'Sunday', 1, 9, 2019);
insert into Time (ID, Day, Date, Month, Year) values (5083, 'Monday', 11, 7, 2015);
insert into Time (ID, Day, Date, Month, Year) values (5084, 'Tuesday', 15, 3, 2018);
insert into Time (ID, Day, Date, Month, Year) values (5085, 'Saturday', 23, 9, 2013);
insert into Time (ID, Day, Date, Month, Year) values (5086, 'Friday', 4, 6, 2016);
insert into Time (ID, Day, Date, Month, Year) values (5087, 'Thursday', 14, 11, 2014);
insert into Time (ID, Day, Date, Month, Year) values (5088, 'Thursday', 27, 5, 2017);
insert into Time (ID, Day, Date, Month, Year) values (5089, 'Friday', 1, 11, 2015);
insert into Time (ID, Day, Date, Month, Year) values (5090, 'Thursday', 8, 12, 2022);
insert into Time (ID, Day, Date, Month, Year) values (5091, 'Thursday', 1, 11, 2019);
insert into Time (ID, Day, Date, Month, Year) values (5092, 'Thursday', 8, 6, 2013);
insert into Time (ID, Day, Date, Month, Year) values (5093, 'Thursday', 18, 8, 2017);
insert into Time (ID, Day, Date, Month, Year) values (5094, 'Thursday', 15, 6, 2018);
insert into Time (ID, Day, Date, Month, Year) values (5095, 'Wednesday', 1, 5, 2018);
insert into Time (ID, Day, Date, Month, Year) values (5096, 'Friday', 25, 1, 2015);
insert into Time (ID, Day, Date, Month, Year) values (5097, 'Tuesday', 11, 11, 2022);
insert into Time (ID, Day, Date, Month, Year) values (5098, 'Wednesday', 9, 6, 2020);
insert into Time (ID, Day, Date, Month, Year) values (5099, 'Sunday', 8, 10, 2021);
insert into Time (ID, Day, Date, Month, Year) values (5100, 'Friday', 13, 4, 2015);
insert into Time (ID, Day, Date, Month, Year) values (5101, 'Saturday', 13, 7, 2022);
insert into Time (ID, Day, Date, Month, Year) values (5102, 'Monday', 20, 4, 2022);
insert into Time (ID, Day, Date, Month, Year) values (5103, 'Saturday', 6, 11, 2020);
insert into Time (ID, Day, Date, Month, Year) values (5104, 'Saturday', 28, 12, 2017);
insert into Time (ID, Day, Date, Month, Year) values (5105, 'Wednesday', 23, 10, 2022);
insert into Time (ID, Day, Date, Month, Year) values (5106, 'Friday', 10, 2, 2019);
insert into Time (ID, Day, Date, Month, Year) values (5107, 'Sunday', 26, 4, 2020);
insert into Time (ID, Day, Date, Month, Year) values (5108, 'Wednesday', 26, 1, 2016);
insert into Time (ID, Day, Date, Month, Year) values (5109, 'Sunday', 22, 8, 2020);
insert into Time (ID, Day, Date, Month, Year) values (5110, 'Friday', 26, 9, 2017);
insert into Time (ID, Day, Date, Month, Year) values (5111, 'Friday', 15, 1, 2013);
insert into Time (ID, Day, Date, Month, Year) values (5112, 'Saturday', 3, 12, 2016);
insert into Time (ID, Day, Date, Month, Year) values (5113, 'Saturday', 10, 12, 2018);
insert into Time (ID, Day, Date, Month, Year) values (5114, 'Sunday', 10, 11, 2022);
insert into Time (ID, Day, Date, Month, Year) values (5115, 'Wednesday', 16, 1, 2022);
insert into Time (ID, Day, Date, Month, Year) values (5116, 'Friday', 23, 2, 2019);
insert into Time (ID, Day, Date, Month, Year) values (5117, 'Saturday', 28, 7, 2022);
insert into Time (ID, Day, Date, Month, Year) values (5118, 'Sunday', 15, 8, 2013);
insert into Time (ID, Day, Date, Month, Year) values (5119, 'Friday', 20, 11, 2022);
insert into Time (ID, Day, Date, Month, Year) values (5120, 'Monday', 26, 4, 2022);
insert into Time (ID, Day, Date, Month, Year) values (5121, 'Tuesday', 11, 9, 2019);
insert into Time (ID, Day, Date, Month, Year) values (5122, 'Wednesday', 17, 4, 2014);
insert into Time (ID, Day, Date, Month, Year) values (5123, 'Monday', 7, 11, 2013);
insert into Time (ID, Day, Date, Month, Year) values (5124, 'Monday', 25, 3, 2013);
insert into Time (ID, Day, Date, Month, Year) values (5125, 'Saturday', 18, 1, 2022);
insert into Time (ID, Day, Date, Month, Year) values (5126, 'Friday', 27, 1, 2022);
insert into Time (ID, Day, Date, Month, Year) values (5127, 'Friday', 18, 7, 2016);
insert into Time (ID, Day, Date, Month, Year) values (5128, 'Monday', 17, 7, 2014);
insert into Time (ID, Day, Date, Month, Year) values (5129, 'Saturday', 23, 11, 2013);
insert into Time (ID, Day, Date, Month, Year) values (5130, 'Friday', 21, 2, 2015);
insert into Time (ID, Day, Date, Month, Year) values (5131, 'Friday', 13, 10, 2022);
insert into Time (ID, Day, Date, Month, Year) values (5132, 'Sunday', 10, 10, 2017);
insert into Time (ID, Day, Date, Month, Year) values (5133, 'Wednesday', 27, 11, 2016);
insert into Time (ID, Day, Date, Month, Year) values (5134, 'Sunday', 5, 1, 2022);
insert into Time (ID, Day, Date, Month, Year) values (5135, 'Thursday', 25, 2, 2020);
insert into Time (ID, Day, Date, Month, Year) values (5136, 'Thursday', 7, 2, 2017);
insert into Time (ID, Day, Date, Month, Year) values (5137, 'Friday', 28, 11, 2013);
insert into Time (ID, Day, Date, Month, Year) values (5138, 'Tuesday', 19, 5, 2020);
insert into Time (ID, Day, Date, Month, Year) values (5139, 'Thursday', 2, 12, 2019);
insert into Time (ID, Day, Date, Month, Year) values (5140, 'Friday', 4, 8, 2013);
insert into Time (ID, Day, Date, Month, Year) values (5141, 'Saturday', 9, 10, 2017);
insert into Time (ID, Day, Date, Month, Year) values (5142, 'Saturday', 16, 8, 2014);
insert into Time (ID, Day, Date, Month, Year) values (5143, 'Thursday', 19, 8, 2015);
insert into Time (ID, Day, Date, Month, Year) values (5144, 'Friday', 23, 4, 2018);
insert into Time (ID, Day, Date, Month, Year) values (5145, 'Thursday', 11, 12, 2019);
insert into Time (ID, Day, Date, Month, Year) values (5146, 'Monday', 2, 12, 2016);
insert into Time (ID, Day, Date, Month, Year) values (5147, 'Saturday', 27, 6, 2016);
insert into Time (ID, Day, Date, Month, Year) values (5148, 'Wednesday', 2, 8, 2016);
insert into Time (ID, Day, Date, Month, Year) values (5149, 'Saturday', 1, 10, 2016);
insert into Time (ID, Day, Date, Month, Year) values (5150, 'Friday', 4, 1, 2019);
insert into Time (ID, Day, Date, Month, Year) values (5151, 'Friday', 28, 2, 2015);
insert into Time (ID, Day, Date, Month, Year) values (5152, 'Saturday', 11, 11, 2019);
insert into Time (ID, Day, Date, Month, Year) values (5153, 'Thursday', 16, 3, 2022);
insert into Time (ID, Day, Date, Month, Year) values (5154, 'Sunday', 16, 2, 2017);
insert into Time (ID, Day, Date, Month, Year) values (5155, 'Monday', 25, 7, 2022);
insert into Time (ID, Day, Date, Month, Year) values (5156, 'Thursday', 24, 4, 2013);
insert into Time (ID, Day, Date, Month, Year) values (5157, 'Friday', 27, 4, 2022);
insert into Time (ID, Day, Date, Month, Year) values (5158, 'Thursday', 10, 6, 2021);
insert into Time (ID, Day, Date, Month, Year) values (5159, 'Friday', 4, 10, 2021);
insert into Time (ID, Day, Date, Month, Year) values (5160, 'Sunday', 13, 10, 2021);
insert into Time (ID, Day, Date, Month, Year) values (5161, 'Saturday', 12, 8, 2013);
insert into Time (ID, Day, Date, Month, Year) values (5162, 'Monday', 14, 12, 2015);
insert into Time (ID, Day, Date, Month, Year) values (5163, 'Tuesday', 6, 1, 2021);
insert into Time (ID, Day, Date, Month, Year) values (5164, 'Friday', 12, 3, 2016);
insert into Time (ID, Day, Date, Month, Year) values (5165, 'Monday', 13, 12, 2022);
insert into Time (ID, Day, Date, Month, Year) values (5166, 'Wednesday', 2, 5, 2021);
insert into Time (ID, Day, Date, Month, Year) values (5167, 'Monday', 18, 3, 2018);
insert into Time (ID, Day, Date, Month, Year) values (5168, 'Sunday', 13, 12, 2020);
insert into Time (ID, Day, Date, Month, Year) values (5169, 'Saturday', 8, 3, 2020);
insert into Time (ID, Day, Date, Month, Year) values (5170, 'Thursday', 20, 5, 2015);
insert into Time (ID, Day, Date, Month, Year) values (5171, 'Monday', 8, 3, 2018);
insert into Time (ID, Day, Date, Month, Year) values (5172, 'Friday', 22, 10, 2013);
insert into Time (ID, Day, Date, Month, Year) values (5173, 'Wednesday', 7, 2, 2017);
insert into Time (ID, Day, Date, Month, Year) values (5174, 'Tuesday', 6, 10, 2016);
insert into Time (ID, Day, Date, Month, Year) values (5175, 'Monday', 4, 7, 2017);
insert into Time (ID, Day, Date, Month, Year) values (5176, 'Thursday', 19, 9, 2017);
insert into Time (ID, Day, Date, Month, Year) values (5177, 'Friday', 18, 9, 2018);
insert into Time (ID, Day, Date, Month, Year) values (5178, 'Thursday', 9, 9, 2017);
insert into Time (ID, Day, Date, Month, Year) values (5179, 'Wednesday', 20, 11, 2022);
insert into Time (ID, Day, Date, Month, Year) values (5180, 'Wednesday', 12, 10, 2021);
insert into Time (ID, Day, Date, Month, Year) values (5181, 'Monday', 23, 3, 2022);
insert into Time (ID, Day, Date, Month, Year) values (5182, 'Sunday', 22, 11, 2013);
insert into Time (ID, Day, Date, Month, Year) values (5183, 'Monday', 9, 11, 2014);
insert into Time (ID, Day, Date, Month, Year) values (5184, 'Monday', 6, 9, 2018);
insert into Time (ID, Day, Date, Month, Year) values (5185, 'Monday', 6, 9, 2013);
insert into Time (ID, Day, Date, Month, Year) values (5186, 'Tuesday', 10, 4, 2014);
insert into Time (ID, Day, Date, Month, Year) values (5187, 'Wednesday', 9, 11, 2021);
insert into Time (ID, Day, Date, Month, Year) values (5188, 'Friday', 3, 6, 2015);
insert into Time (ID, Day, Date, Month, Year) values (5189, 'Saturday', 6, 5, 2017);
insert into Time (ID, Day, Date, Month, Year) values (5190, 'Sunday', 3, 6, 2014);
