drop database if exists warehouse2;
create schema warehouse2;
use warehouse2;

create table Category (
	Category_ID INT,
	Cate_Name VARCHAR(11),
	Description VARCHAR(4)
);
insert into Category (Category_ID, Cate_Name, Description) values (3001, 'Clothing', 'dddd');
insert into Category (Category_ID, Cate_Name, Description) values (3002, 'Furniture', 'eee');
insert into Category (Category_ID, Cate_Name, Description) values (3003, 'Kitchenware', 'ff');
insert into Category (Category_ID, Cate_Name, Description) values (3004, 'cosmetics', 'ff');
insert into Category (Category_ID, Cate_Name, Description) values (3005, 'Sports', 'ff');
insert into Category (Category_ID, Cate_Name, Description) values (3006, 'Hardware', 'aa');
insert into Category (Category_ID, Cate_Name, Description) values (3007, 'Grocery', 'dddd');

create table Customer (
	Customer_ID INT,
	CustName VARCHAR(26),
	phone VARCHAR(50),
	Address VARCHAR(50),
	City VARCHAR(9),
	PostalCode VARCHAR(50)
);
insert into Customer (Customer_ID, CustName, phone, Address, City, PostalCode) values (1001, 'QuantumQuill Co.', '764 302 8016', '3rd Floor', 'Lucknow', '192925');
insert into Customer (Customer_ID, CustName, phone, Address, City, PostalCode) values (1002, 'PixelPulse Innovations', '331 192 6132', 'Apt 1620', 'Surat', '027609');
insert into Customer (Customer_ID, CustName, phone, Address, City, PostalCode) values (1003, 'ZenZest Enterprises', '163 946 4767', 'Suite 42', 'Indore', '931547');
insert into Customer (Customer_ID, CustName, phone, Address, City, PostalCode) values (1004, 'TerraTide Solutions', '722 358 6511', 'Room 1248', 'Mumbai', '957610');
insert into Customer (Customer_ID, CustName, phone, Address, City, PostalCode) values (1005, 'CrystalCrest Technologies', '820 883 6142', '12th Floor', 'Ahmedabad', '610893');
insert into Customer (Customer_ID, CustName, phone, Address, City, PostalCode) values (1006, 'LunarLoom Innovations', '546 651 0986', 'Apt 293', 'Bangalore', '774038');
insert into Customer (Customer_ID, CustName, phone, Address, City, PostalCode) values (1007, 'NovaNectar Systems', '151 895 6718', 'Suite 81', 'Lucknow', '564454');
insert into Customer (Customer_ID, CustName, phone, Address, City, PostalCode) values (1008, 'VelvetVerve Creations', '881 388 5190', 'PO Box 4537', 'Kanpur', '717498');
insert into Customer (Customer_ID, CustName, phone, Address, City, PostalCode) values (1009, 'SparkScribe Innovations', '132 353 8754', '10th Floor', 'Hyderabad', '145554');
insert into Customer (Customer_ID, CustName, phone, Address, City, PostalCode) values (1010, 'EmberEcho Dynamics', '417 780 1768', 'Suite 18', 'Ahmedabad', '232795');
insert into Customer (Customer_ID, CustName, phone, Address, City, PostalCode) values (1011, 'TwistedTwig Innovations', '683 464 4130', 'PO Box 13841', 'Mumbai', '752920');
insert into Customer (Customer_ID, CustName, phone, Address, City, PostalCode) values (1012, 'MarbleMingle Solutions', '633 945 4373', 'Suite 28', 'Jaipur', '077728');
insert into Customer (Customer_ID, CustName, phone, Address, City, PostalCode) values (1013, 'QuantumQuill Ventures', '284 313 0756', 'Room 529', 'Nagpur', '957882');
insert into Customer (Customer_ID, CustName, phone, Address, City, PostalCode) values (1014, 'MysticMirth Innovations', '111 180 4063', '1st Floor', 'Indore', '419727');
insert into Customer (Customer_ID, CustName, phone, Address, City, PostalCode) values (1015, 'SolarScribe Technologies', '464 149 1798', 'Suite 30', 'Ahmedabad', '600118');
insert into Customer (Customer_ID, CustName, phone, Address, City, PostalCode) values (1016, 'ArcticAtlas Innovations', '127 879 3557', '14th Floor', 'Indore', '605923');
insert into Customer (Customer_ID, CustName, phone, Address, City, PostalCode) values (1017, 'BlazeBreeze Creations', '676 987 0164', 'Apt 658', 'Indore', '975261');
insert into Customer (Customer_ID, CustName, phone, Address, City, PostalCode) values (1018, 'SilverSpire Technologies', '276 502 2983', 'Room 946', 'Kolkata', '239404');
insert into Customer (Customer_ID, CustName, phone, Address, City, PostalCode) values (1019, 'AquaArbor Solutions', '797 266 6093', 'Suite 87', 'Surat', '655746');
insert into Customer (Customer_ID, CustName, phone, Address, City, PostalCode) values (1020, 'EtherealEra Innovations', '417 939 7089', 'Room 679', 'Kolkata', '254918');
insert into Customer (Customer_ID, CustName, phone, Address, City, PostalCode) values (1021, 'OrionOasis Ventures', '474 872 3660', 'PO Box 64451', 'Indore', '015884');
insert into Customer (Customer_ID, CustName, phone, Address, City, PostalCode) values (1022, 'WhisperWillow Creations', '586 912 4395', 'PO Box 25102', 'Delhi', '880589');
insert into Customer (Customer_ID, CustName, phone, Address, City, PostalCode) values (1023, 'EchoEmber Dynamics', '473 878 7387', 'Suite 87', 'Surat', '943784');
insert into Customer (Customer_ID, CustName, phone, Address, City, PostalCode) values (1024, 'RadiantRipple Innovations', '501 246 8797', 'PO Box 62072', 'Lucknow', '431367');
insert into Customer (Customer_ID, CustName, phone, Address, City, PostalCode) values (1025, 'VortexVigil Technologies', '541 543 8436', 'Apt 867', 'Pune', '628054');
insert into Customer (Customer_ID, CustName, phone, Address, City, PostalCode) values (1026, 'HarmonyHive Creations', '230 645 0584', 'PO Box 60644', 'Nagpur', '635051');
insert into Customer (Customer_ID, CustName, phone, Address, City, PostalCode) values (1027, 'CobaltCrest Ventures', '662 621 9232', 'Suite 20', 'Pune', '039345');
insert into Customer (Customer_ID, CustName, phone, Address, City, PostalCode) values (1028, 'DreamDune Innovations', '230 285 1084', 'Apt 452', 'Lucknow', '566062');
insert into Customer (Customer_ID, CustName, phone, Address, City, PostalCode) values (1029, 'SilverSphere Technologies', '513 126 6052', '7th Floor', 'Pune', '656567');
insert into Customer (Customer_ID, CustName, phone, Address, City, PostalCode) values (1030, 'TerraTwist Ventures', '273 225 3072', 'PO Box 69026', 'Chennai', '793727');
insert into Customer (Customer_ID, CustName, phone, Address, City, PostalCode) values (1031, 'AlpineAegis Solutions', '719 289 9418', 'Room 1517', 'Kolkata', '214020');
insert into Customer (Customer_ID, CustName, phone, Address, City, PostalCode) values (1032, 'PinnaclePulse Innovations', '304 750 0591', 'Suite 90', 'Kanpur', '872074');
insert into Customer (Customer_ID, CustName, phone, Address, City, PostalCode) values (1033, 'NimbusNest Dynamics', '178 999 9727', 'Room 1422', 'Delhi', '342475');
insert into Customer (Customer_ID, CustName, phone, Address, City, PostalCode) values (1034, 'LushLantern Creations', '713 644 5775', 'Suite 52', 'Kolkata', '603598');
insert into Customer (Customer_ID, CustName, phone, Address, City, PostalCode) values (1035, 'MirageMingle Ventures', '907 232 5418', 'PO Box 4544', 'Kolkata', '135466');
insert into Customer (Customer_ID, CustName, phone, Address, City, PostalCode) values (1036, 'SolitudeSage Technologies', '655 426 0694', 'PO Box 18205', 'Surat', '544945');
insert into Customer (Customer_ID, CustName, phone, Address, City, PostalCode) values (1037, 'RadiantRibbon Innovations', '894 739 1965', 'Room 240', 'Surat', '644030');
insert into Customer (Customer_ID, CustName, phone, Address, City, PostalCode) values (1038, 'QuantumQuasar Solutions', '675 166 0718', 'PO Box 92077', 'Pune', '666905');
insert into Customer (Customer_ID, CustName, phone, Address, City, PostalCode) values (1039, 'VelvetVirtue Dynamics', '916 134 0607', '11th Floor', 'Surat', '153237');
insert into Customer (Customer_ID, CustName, phone, Address, City, PostalCode) values (1040, 'EmberEnclave Creations', '277 539 4923', 'Suite 11', 'Delhi', '660581');
insert into Customer (Customer_ID, CustName, phone, Address, City, PostalCode) values (1041, 'SolarSphere Ventures', '261 967 0864', '7th Floor', 'Pune', '148360');
insert into Customer (Customer_ID, CustName, phone, Address, City, PostalCode) values (1042, 'WhisperWisp Innovations', '559 666 4911', 'Apt 683', 'Mumbai', '767287');
insert into Customer (Customer_ID, CustName, phone, Address, City, PostalCode) values (1043, 'PixelPalace Technologies', '468 457 1315', 'Apt 1761', 'Ahmedabad', '812280');
insert into Customer (Customer_ID, CustName, phone, Address, City, PostalCode) values (1044, 'ZenZephyr Creations', '563 403 8525', 'Room 947', 'Lucknow', '238230');
insert into Customer (Customer_ID, CustName, phone, Address, City, PostalCode) values (1045, 'NebulaNook Innovations', '692 107 0336', 'Suite 45', 'Ahmedabad', '545870');
insert into Customer (Customer_ID, CustName, phone, Address, City, PostalCode) values (1046, 'LunarLace Ventures', '758 713 1151', 'Room 1840', 'Ahmedabad', '273102');
insert into Customer (Customer_ID, CustName, phone, Address, City, PostalCode) values (1047, 'AquaAegis Solutions', '183 594 1184', '15th Floor', 'Kolkata', '307620');
insert into Customer (Customer_ID, CustName, phone, Address, City, PostalCode) values (1048, 'EtherealEcho Innovations', '919 822 4838', 'Apt 1760', 'Nagpur', '758975');
insert into Customer (Customer_ID, CustName, phone, Address, City, PostalCode) values (1049, 'BlazeBreeze Dynamics', '693 698 8967', 'PO Box 2384', 'Chennai', '506434');
insert into Customer (Customer_ID, CustName, phone, Address, City, PostalCode) values (1050, 'PentaPetal Ventures', '512 799 5682', 'PO Box 73567', 'Nagpur', '879523');
insert into Customer (Customer_ID, CustName, phone, Address, City, PostalCode) values (1051, 'SparkSerenade Creations', '805 796 5382', '1st Floor', 'Hyderabad', '104112');
insert into Customer (Customer_ID, CustName, phone, Address, City, PostalCode) values (1052, 'TwistedTide Innovations', '872 372 7672', 'Suite 100', 'Mumbai', '821508');
insert into Customer (Customer_ID, CustName, phone, Address, City, PostalCode) values (1053, 'NovaNest Dynamics', '772 673 5958', '9th Floor', 'Delhi', '184343');
insert into Customer (Customer_ID, CustName, phone, Address, City, PostalCode) values (1054, 'CrystalCrescent Ventures', '578 253 4637', 'Room 667', 'Nagpur', '581574');
insert into Customer (Customer_ID, CustName, phone, Address, City, PostalCode) values (1055, 'MysticMingle Innovations', '638 402 8380', 'Room 125', 'Thane', '815033');
insert into Customer (Customer_ID, CustName, phone, Address, City, PostalCode) values (1056, 'SolarSculpt Technologies', '491 334 4328', 'PO Box 62393', 'Hyderabad', '893262');
insert into Customer (Customer_ID, CustName, phone, Address, City, PostalCode) values (1057, 'ArcticAcre Ventures', '380 574 7565', 'Suite 61', 'Thane', '348853');
insert into Customer (Customer_ID, CustName, phone, Address, City, PostalCode) values (1058, 'EmberEnigma Innovations', '555 458 1851', 'PO Box 13562', 'Bangalore', '932926');
insert into Customer (Customer_ID, CustName, phone, Address, City, PostalCode) values (1059, 'MarbleMirth Creations', '527 417 4090', 'Apt 1422', 'Surat', '642546');
insert into Customer (Customer_ID, CustName, phone, Address, City, PostalCode) values (1060, 'QuasarQuilt Ventures', '598 409 2789', 'Room 1547', 'Indore', '436126');
insert into Customer (Customer_ID, CustName, phone, Address, City, PostalCode) values (1061, 'ZenithZest Innovations', '773 935 1191', '5th Floor', 'Kanpur', '657314');
insert into Customer (Customer_ID, CustName, phone, Address, City, PostalCode) values (1062, 'PixelParagon Dynamics', '226 753 8504', '8th Floor', 'Mumbai', '080038');
insert into Customer (Customer_ID, CustName, phone, Address, City, PostalCode) values (1063, 'VelvetVista Ventures', '530 718 4589', '19th Floor', 'Delhi', '703657');
insert into Customer (Customer_ID, CustName, phone, Address, City, PostalCode) values (1064, 'SparkSprout Innovations', '585 990 9251', 'Apt 1706', 'Bangalore', '043593');
insert into Customer (Customer_ID, CustName, phone, Address, City, PostalCode) values (1065, 'LunarLoom Creations', '184 902 0263', 'PO Box 44262', 'Kanpur', '021636');
insert into Customer (Customer_ID, CustName, phone, Address, City, PostalCode) values (1066, 'NovaNurtures Technologies', '422 318 1582', 'Room 1286', 'Lucknow', '402025');
insert into Customer (Customer_ID, CustName, phone, Address, City, PostalCode) values (1067, 'CrystalCraft Innovations', '645 241 0088', 'PO Box 88024', 'Lucknow', '101717');
insert into Customer (Customer_ID, CustName, phone, Address, City, PostalCode) values (1068, 'MysticMingle Ventures', '820 646 3609', 'Room 244', 'Surat', '869820');
insert into Customer (Customer_ID, CustName, phone, Address, City, PostalCode) values (1069, 'SolarScribble Creations', '613 303 4152', 'Apt 1432', 'Lucknow', '002961');
insert into Customer (Customer_ID, CustName, phone, Address, City, PostalCode) values (1070, 'ArcticAlchemy Dynamics', '581 860 9603', '10th Floor', 'Jaipur', '356078');
insert into Customer (Customer_ID, CustName, phone, Address, City, PostalCode) values (1071, 'BlazeBoulevard Innovations', '245 806 5246', 'PO Box 42079', 'Hyderabad', '234231');
insert into Customer (Customer_ID, CustName, phone, Address, City, PostalCode) values (1072, 'PentaPulse Ventures', '504 168 2174', '9th Floor', 'Kanpur', '376626');
insert into Customer (Customer_ID, CustName, phone, Address, City, PostalCode) values (1073, 'TerraTreasure Technologies', '929 841 3741', 'PO Box 3825', 'Bangalore', '773740');
insert into Customer (Customer_ID, CustName, phone, Address, City, PostalCode) values (1074, 'EmberEclipse Innovations', '778 731 2534', 'PO Box 28795', 'Pune', '380100');
insert into Customer (Customer_ID, CustName, phone, Address, City, PostalCode) values (1075, 'MarbleMingle Dynamics', '375 702 4201', '16th Floor', 'Indore', '156021');
insert into Customer (Customer_ID, CustName, phone, Address, City, PostalCode) values (1076, 'QuasarQuill Ventures', '571 427 6001', 'Apt 416', 'Kolkata', '879779');
insert into Customer (Customer_ID, CustName, phone, Address, City, PostalCode) values (1077, 'ZenZephyr Innovations', '721 979 1341', 'Room 625', 'Chennai', '740522');
insert into Customer (Customer_ID, CustName, phone, Address, City, PostalCode) values (1078, 'PixelPetal Dynamics', '853 512 6420', 'PO Box 54394', 'Delhi', '053481');
insert into Customer (Customer_ID, CustName, phone, Address, City, PostalCode) values (1079, 'VelvetVibe Ventures', '427 129 9848', 'Apt 1912', 'Chennai', '077870');
insert into Customer (Customer_ID, CustName, phone, Address, City, PostalCode) values (1080, 'SparkSculpt Innovations', '391 157 5392', 'Room 1782', 'Indore', '838009');
insert into Customer (Customer_ID, CustName, phone, Address, City, PostalCode) values (1081, 'LunarLantern Dynamics', '832 537 7550', 'Apt 413', 'Ahmedabad', '250004');
insert into Customer (Customer_ID, CustName, phone, Address, City, PostalCode) values (1082, 'NovaNectar Ventures', '332 695 8583', 'PO Box 86968', 'Bangalore', '030299');
insert into Customer (Customer_ID, CustName, phone, Address, City, PostalCode) values (1083, 'CrystalCove Innovations', '899 391 8263', '18th Floor', 'Hyderabad', '108000');
insert into Customer (Customer_ID, CustName, phone, Address, City, PostalCode) values (1084, 'MysticMirth Creations', '281 215 3814', 'Apt 661', 'Surat', '239020');
insert into Customer (Customer_ID, CustName, phone, Address, City, PostalCode) values (1085, 'SolarScribe Technologies', '536 188 6291', 'PO Box 61033', 'Ahmedabad', '479713');
insert into Customer (Customer_ID, CustName, phone, Address, City, PostalCode) values (1086, 'ArcticAegis Ventures', '366 350 5382', 'Apt 962', 'Delhi', '819946');
insert into Customer (Customer_ID, CustName, phone, Address, City, PostalCode) values (1087, 'BlazeBreeze Innovations', '892 662 7519', 'Suite 8', 'Delhi', '251892');
insert into Customer (Customer_ID, CustName, phone, Address, City, PostalCode) values (1088, 'PentaPixel Dynamics', '184 415 8784', 'Suite 23', 'Jaipur', '705828');
insert into Customer (Customer_ID, CustName, phone, Address, City, PostalCode) values (1089, 'TerraTide Ventures', '545 105 3278', 'Suite 15', 'Delhi', '277778');
insert into Customer (Customer_ID, CustName, phone, Address, City, PostalCode) values (1090, 'EmberEcho Innovations', '582 447 7774', 'PO Box 891', 'Surat', '970840');
insert into Customer (Customer_ID, CustName, phone, Address, City, PostalCode) values (1091, 'MarbleMingle Technologies', '316 428 9968', 'Suite 80', 'Mumbai', '556006');
insert into Customer (Customer_ID, CustName, phone, Address, City, PostalCode) values (1092, 'QuasarQuest Ventures', '629 219 9946', '17th Floor', 'Chennai', '000567');
insert into Customer (Customer_ID, CustName, phone, Address, City, PostalCode) values (1093, 'ZenZest Innovations', '344 733 2354', 'PO Box 23989', 'Indore', '541172');
insert into Customer (Customer_ID, CustName, phone, Address, City, PostalCode) values (1094, 'PixelPulse Dynamics', '719 767 2040', 'Room 128', 'Pune', '315581');
insert into Customer (Customer_ID, CustName, phone, Address, City, PostalCode) values (1095, 'VelvetVerve Ventures', '750 559 1796', 'Apt 1776', 'Surat', '766657');
insert into Customer (Customer_ID, CustName, phone, Address, City, PostalCode) values (1096, 'SparkScribe Innovations', '718 239 9831', 'Suite 28', 'Mumbai', '606187');
insert into Customer (Customer_ID, CustName, phone, Address, City, PostalCode) values (1097, 'LunarLoom Technologies', '637 504 1494', 'Apt 2000', 'Lucknow', '945798');
insert into Customer (Customer_ID, CustName, phone, Address, City, PostalCode) values (1098, 'NovaNectar Ventures', '716 184 7797', 'Room 649', 'Hyderabad', '718260');
insert into Customer (Customer_ID, CustName, phone, Address, City, PostalCode) values (1099, 'CrystalCrest Innovations', '900 335 4820', 'Apt 38', 'Nagpur', '585207');
insert into Customer (Customer_ID, CustName, phone, Address, City, PostalCode) values (1100, 'MysticMirth Dynamics', '670 755 1452', '17th Floor', 'Ahmedabad', '733738');
insert into Customer (Customer_ID, CustName, phone, Address, City, PostalCode) values (1101, 'SolarScribe Ventures', '675 342 9378', 'Suite 75', 'Surat', '274293');
insert into Customer (Customer_ID, CustName, phone, Address, City, PostalCode) values (1102, 'ArcticAtlas Innovations', '155 337 0617', '20th Floor', 'Pune', '222305');
insert into Customer (Customer_ID, CustName, phone, Address, City, PostalCode) values (1103, 'BlazeBurst Technologies', '743 265 1606', '11th Floor', 'Surat', '026364');
insert into Customer (Customer_ID, CustName, phone, Address, City, PostalCode) values (1104, 'SilverSpire Ventures', '153 365 0157', 'Suite 35', 'Kanpur', '698324');
insert into Customer (Customer_ID, CustName, phone, Address, City, PostalCode) values (1105, 'QuantumQuill Innovations', '534 828 1332', '18th Floor', 'Bangalore', '503004');
insert into Customer (Customer_ID, CustName, phone, Address, City, PostalCode) values (1106, 'AquaArbor Dynamics', '359 377 4061', 'PO Box 48979', 'Indore', '619961');
insert into Customer (Customer_ID, CustName, phone, Address, City, PostalCode) values (1107, 'PentaPetal Ventures', '929 315 4277', 'Room 970', 'Thane', '814502');
insert into Customer (Customer_ID, CustName, phone, Address, City, PostalCode) values (1108, 'PixelPetal Innovations', '893 564 4842', 'Apt 1197', 'Ahmedabad', '701396');
insert into Customer (Customer_ID, CustName, phone, Address, City, PostalCode) values (1109, 'VelvetVortex Technologies', '215 603 7163', 'Apt 35', 'Surat', '357725');
insert into Customer (Customer_ID, CustName, phone, Address, City, PostalCode) values (1110, 'SunflowerScribe Ventures', '170 456 4664', 'Room 378', 'Ahmedabad', '562142');

create table Orders (
	Order_ID INT,
	ProductID INT,
	CustomerID INT,
	TimeID INT,
	Qty INT
);
insert into Orders (Order_ID, ProductID, CustomerID, TimeID, Qty) values (4001, 2070, 1027, 5135, 792);
insert into Orders (Order_ID, ProductID, CustomerID, TimeID, Qty) values (4002, 2062, 1071, 5072, 621);
insert into Orders (Order_ID, ProductID, CustomerID, TimeID, Qty) values (4003, 2001, 1049, 5133, 909);
insert into Orders (Order_ID, ProductID, CustomerID, TimeID, Qty) values (4004, 2043, 1047, 5115, 1083);
insert into Orders (Order_ID, ProductID, CustomerID, TimeID, Qty) values (4005, 2078, 1095, 5056, 678);
insert into Orders (Order_ID, ProductID, CustomerID, TimeID, Qty) values (4006, 2033, 1036, 5236, 599);
insert into Orders (Order_ID, ProductID, CustomerID, TimeID, Qty) values (4007, 2023, 1083, 5137, 288);
insert into Orders (Order_ID, ProductID, CustomerID, TimeID, Qty) values (4008, 2067, 1054, 5147, 345);
insert into Orders (Order_ID, ProductID, CustomerID, TimeID, Qty) values (4009, 2057, 1088, 5114, 234);
insert into Orders (Order_ID, ProductID, CustomerID, TimeID, Qty) values (4010, 2006, 1033, 5012, 520);
insert into Orders (Order_ID, ProductID, CustomerID, TimeID, Qty) values (4011, 2039, 1061, 5083, 384);
insert into Orders (Order_ID, ProductID, CustomerID, TimeID, Qty) values (4012, 2048, 1076, 5025, 273);
insert into Orders (Order_ID, ProductID, CustomerID, TimeID, Qty) values (4013, 2086, 1042, 5227, 585);
insert into Orders (Order_ID, ProductID, CustomerID, TimeID, Qty) values (4014, 2075, 1100, 5151, 864);
insert into Orders (Order_ID, ProductID, CustomerID, TimeID, Qty) values (4015, 2035, 1018, 5229, 994);
insert into Orders (Order_ID, ProductID, CustomerID, TimeID, Qty) values (4016, 2043, 1037, 5202, 795);
insert into Orders (Order_ID, ProductID, CustomerID, TimeID, Qty) values (4017, 2083, 1039, 5237, 644);
insert into Orders (Order_ID, ProductID, CustomerID, TimeID, Qty) values (4018, 2098, 1022, 5191, 1007);
insert into Orders (Order_ID, ProductID, CustomerID, TimeID, Qty) values (4019, 2092, 1065, 5030, 806);
insert into Orders (Order_ID, ProductID, CustomerID, TimeID, Qty) values (4020, 2054, 1020, 5228, 615);
insert into Orders (Order_ID, ProductID, CustomerID, TimeID, Qty) values (4021, 2054, 1088, 5116, 761);
insert into Orders (Order_ID, ProductID, CustomerID, TimeID, Qty) values (4022, 2073, 1093, 5057, 1076);
insert into Orders (Order_ID, ProductID, CustomerID, TimeID, Qty) values (4023, 2081, 1064, 5147, 159);
insert into Orders (Order_ID, ProductID, CustomerID, TimeID, Qty) values (4024, 2076, 1078, 5050, 865);
insert into Orders (Order_ID, ProductID, CustomerID, TimeID, Qty) values (4025, 2082, 1054, 5088, 712);
insert into Orders (Order_ID, ProductID, CustomerID, TimeID, Qty) values (4026, 2036, 1083, 5151, 190);
insert into Orders (Order_ID, ProductID, CustomerID, TimeID, Qty) values (4027, 2059, 1027, 5160, 498);
insert into Orders (Order_ID, ProductID, CustomerID, TimeID, Qty) values (4028, 2092, 1020, 5043, 830);
insert into Orders (Order_ID, ProductID, CustomerID, TimeID, Qty) values (4029, 2076, 1009, 5099, 446);
insert into Orders (Order_ID, ProductID, CustomerID, TimeID, Qty) values (4030, 2022, 1083, 5099, 368);
insert into Orders (Order_ID, ProductID, CustomerID, TimeID, Qty) values (4031, 2017, 1104, 5013, 845);
insert into Orders (Order_ID, ProductID, CustomerID, TimeID, Qty) values (4032, 2053, 1079, 5112, 156);
insert into Orders (Order_ID, ProductID, CustomerID, TimeID, Qty) values (4033, 2073, 1072, 5231, 273);
insert into Orders (Order_ID, ProductID, CustomerID, TimeID, Qty) values (4034, 2058, 1075, 5221, 485);
insert into Orders (Order_ID, ProductID, CustomerID, TimeID, Qty) values (4035, 2082, 1066, 5052, 372);
insert into Orders (Order_ID, ProductID, CustomerID, TimeID, Qty) values (4036, 2009, 1083, 5128, 690);
insert into Orders (Order_ID, ProductID, CustomerID, TimeID, Qty) values (4037, 2012, 1102, 5155, 713);
insert into Orders (Order_ID, ProductID, CustomerID, TimeID, Qty) values (4038, 2008, 1050, 5035, 274);
insert into Orders (Order_ID, ProductID, CustomerID, TimeID, Qty) values (4039, 2001, 1061, 5059, 498);
insert into Orders (Order_ID, ProductID, CustomerID, TimeID, Qty) values (4040, 2077, 1040, 5131, 813);
insert into Orders (Order_ID, ProductID, CustomerID, TimeID, Qty) values (4041, 2079, 1010, 5174, 626);
insert into Orders (Order_ID, ProductID, CustomerID, TimeID, Qty) values (4042, 2082, 1104, 5016, 816);
insert into Orders (Order_ID, ProductID, CustomerID, TimeID, Qty) values (4043, 2076, 1097, 5143, 997);
insert into Orders (Order_ID, ProductID, CustomerID, TimeID, Qty) values (4044, 2019, 1072, 5034, 680);
insert into Orders (Order_ID, ProductID, CustomerID, TimeID, Qty) values (4045, 2002, 1017, 5166, 672);
insert into Orders (Order_ID, ProductID, CustomerID, TimeID, Qty) values (4046, 2053, 1067, 5016, 360);
insert into Orders (Order_ID, ProductID, CustomerID, TimeID, Qty) values (4047, 2078, 1051, 5030, 531);
insert into Orders (Order_ID, ProductID, CustomerID, TimeID, Qty) values (4048, 2099, 1101, 5116, 1068);
insert into Orders (Order_ID, ProductID, CustomerID, TimeID, Qty) values (4049, 2019, 1015, 5058, 215);
insert into Orders (Order_ID, ProductID, CustomerID, TimeID, Qty) values (4050, 2014, 1034, 5172, 571);
insert into Orders (Order_ID, ProductID, CustomerID, TimeID, Qty) values (4051, 2070, 1090, 5031, 585);
insert into Orders (Order_ID, ProductID, CustomerID, TimeID, Qty) values (4052, 2058, 1068, 5191, 719);
insert into Orders (Order_ID, ProductID, CustomerID, TimeID, Qty) values (4053, 2036, 1108, 5041, 311);
insert into Orders (Order_ID, ProductID, CustomerID, TimeID, Qty) values (4054, 2080, 1044, 5228, 845);
insert into Orders (Order_ID, ProductID, CustomerID, TimeID, Qty) values (4055, 2069, 1096, 5146, 714);
insert into Orders (Order_ID, ProductID, CustomerID, TimeID, Qty) values (4056, 2031, 1049, 5045, 956);
insert into Orders (Order_ID, ProductID, CustomerID, TimeID, Qty) values (4057, 2025, 1062, 5108, 914);
insert into Orders (Order_ID, ProductID, CustomerID, TimeID, Qty) values (4058, 2078, 1060, 5086, 682);
insert into Orders (Order_ID, ProductID, CustomerID, TimeID, Qty) values (4059, 2032, 1047, 5016, 690);
insert into Orders (Order_ID, ProductID, CustomerID, TimeID, Qty) values (4060, 2004, 1097, 5066, 954);
insert into Orders (Order_ID, ProductID, CustomerID, TimeID, Qty) values (4061, 2026, 1087, 5038, 266);
insert into Orders (Order_ID, ProductID, CustomerID, TimeID, Qty) values (4062, 2051, 1048, 5032, 1085);
insert into Orders (Order_ID, ProductID, CustomerID, TimeID, Qty) values (4063, 2030, 1017, 5108, 813);
insert into Orders (Order_ID, ProductID, CustomerID, TimeID, Qty) values (4064, 2066, 1040, 5222, 1001);
insert into Orders (Order_ID, ProductID, CustomerID, TimeID, Qty) values (4065, 2046, 1074, 5045, 630);
insert into Orders (Order_ID, ProductID, CustomerID, TimeID, Qty) values (4066, 2018, 1009, 5198, 326);
insert into Orders (Order_ID, ProductID, CustomerID, TimeID, Qty) values (4067, 2099, 1043, 5015, 1062);
insert into Orders (Order_ID, ProductID, CustomerID, TimeID, Qty) values (4068, 2010, 1099, 5163, 807);
insert into Orders (Order_ID, ProductID, CustomerID, TimeID, Qty) values (4069, 2079, 1102, 5216, 566);
insert into Orders (Order_ID, ProductID, CustomerID, TimeID, Qty) values (4070, 2051, 1059, 5093, 900);
insert into Orders (Order_ID, ProductID, CustomerID, TimeID, Qty) values (4071, 2032, 1053, 5082, 571);
insert into Orders (Order_ID, ProductID, CustomerID, TimeID, Qty) values (4072, 2003, 1064, 5010, 768);
insert into Orders (Order_ID, ProductID, CustomerID, TimeID, Qty) values (4073, 2032, 1034, 5090, 1099);
insert into Orders (Order_ID, ProductID, CustomerID, TimeID, Qty) values (4074, 2030, 1090, 5189, 769);
insert into Orders (Order_ID, ProductID, CustomerID, TimeID, Qty) values (4075, 2038, 1021, 5057, 494);
insert into Orders (Order_ID, ProductID, CustomerID, TimeID, Qty) values (4076, 2018, 1062, 5113, 736);
insert into Orders (Order_ID, ProductID, CustomerID, TimeID, Qty) values (4077, 2086, 1041, 5208, 491);
insert into Orders (Order_ID, ProductID, CustomerID, TimeID, Qty) values (4078, 2036, 1076, 5054, 978);
insert into Orders (Order_ID, ProductID, CustomerID, TimeID, Qty) values (4079, 2063, 1031, 5025, 478);
insert into Orders (Order_ID, ProductID, CustomerID, TimeID, Qty) values (4080, 2022, 1024, 5163, 432);
insert into Orders (Order_ID, ProductID, CustomerID, TimeID, Qty) values (4081, 2081, 1075, 5092, 518);
insert into Orders (Order_ID, ProductID, CustomerID, TimeID, Qty) values (4082, 2096, 1068, 5064, 738);
insert into Orders (Order_ID, ProductID, CustomerID, TimeID, Qty) values (4083, 2079, 1038, 5149, 957);
insert into Orders (Order_ID, ProductID, CustomerID, TimeID, Qty) values (4084, 2029, 1076, 5161, 708);
insert into Orders (Order_ID, ProductID, CustomerID, TimeID, Qty) values (4085, 2046, 1014, 5007, 793);
insert into Orders (Order_ID, ProductID, CustomerID, TimeID, Qty) values (4086, 2009, 1024, 5229, 548);
insert into Orders (Order_ID, ProductID, CustomerID, TimeID, Qty) values (4087, 2030, 1051, 5052, 185);
insert into Orders (Order_ID, ProductID, CustomerID, TimeID, Qty) values (4088, 2024, 1080, 5171, 986);
insert into Orders (Order_ID, ProductID, CustomerID, TimeID, Qty) values (4089, 2066, 1051, 5086, 202);
insert into Orders (Order_ID, ProductID, CustomerID, TimeID, Qty) values (4090, 2045, 1022, 5064, 298);
insert into Orders (Order_ID, ProductID, CustomerID, TimeID, Qty) values (4091, 2101, 1082, 5097, 700);
insert into Orders (Order_ID, ProductID, CustomerID, TimeID, Qty) values (4092, 2077, 1077, 5116, 224);
insert into Orders (Order_ID, ProductID, CustomerID, TimeID, Qty) values (4093, 2097, 1073, 5154, 547);
insert into Orders (Order_ID, ProductID, CustomerID, TimeID, Qty) values (4094, 2098, 1089, 5060, 459);
insert into Orders (Order_ID, ProductID, CustomerID, TimeID, Qty) values (4095, 2084, 1057, 5104, 603);
insert into Orders (Order_ID, ProductID, CustomerID, TimeID, Qty) values (4096, 2042, 1102, 5129, 605);
insert into Orders (Order_ID, ProductID, CustomerID, TimeID, Qty) values (4097, 2012, 1109, 5197, 650);
insert into Orders (Order_ID, ProductID, CustomerID, TimeID, Qty) values (4098, 2094, 1087, 5232, 632);
insert into Orders (Order_ID, ProductID, CustomerID, TimeID, Qty) values (4099, 2076, 1088, 5230, 152);
insert into Orders (Order_ID, ProductID, CustomerID, TimeID, Qty) values (4100, 2057, 1010, 5118, 728);
insert into Orders (Order_ID, ProductID, CustomerID, TimeID, Qty) values (4101, 2071, 1093, 5031, 333);
insert into Orders (Order_ID, ProductID, CustomerID, TimeID, Qty) values (4102, 2091, 1044, 5014, 516);
insert into Orders (Order_ID, ProductID, CustomerID, TimeID, Qty) values (4103, 2016, 1102, 5120, 579);
insert into Orders (Order_ID, ProductID, CustomerID, TimeID, Qty) values (4104, 2027, 1110, 5038, 575);
insert into Orders (Order_ID, ProductID, CustomerID, TimeID, Qty) values (4105, 2055, 1060, 5177, 919);
insert into Orders (Order_ID, ProductID, CustomerID, TimeID, Qty) values (4106, 2064, 1016, 5081, 1032);
insert into Orders (Order_ID, ProductID, CustomerID, TimeID, Qty) values (4107, 2042, 1062, 5193, 150);
insert into Orders (Order_ID, ProductID, CustomerID, TimeID, Qty) values (4108, 2009, 1043, 5198, 310);
insert into Orders (Order_ID, ProductID, CustomerID, TimeID, Qty) values (4109, 2001, 1038, 5170, 990);
insert into Orders (Order_ID, ProductID, CustomerID, TimeID, Qty) values (4110, 2019, 1077, 5105, 720);
insert into Orders (Order_ID, ProductID, CustomerID, TimeID, Qty) values (4111, 2059, 1108, 5011, 526);
insert into Orders (Order_ID, ProductID, CustomerID, TimeID, Qty) values (4112, 2003, 1089, 5106, 737);
insert into Orders (Order_ID, ProductID, CustomerID, TimeID, Qty) values (4113, 2064, 1033, 5121, 381);
insert into Orders (Order_ID, ProductID, CustomerID, TimeID, Qty) values (4114, 2006, 1087, 5080, 125);
insert into Orders (Order_ID, ProductID, CustomerID, TimeID, Qty) values (4115, 2002, 1025, 5036, 363);
insert into Orders (Order_ID, ProductID, CustomerID, TimeID, Qty) values (4116, 2046, 1049, 5166, 593);
insert into Orders (Order_ID, ProductID, CustomerID, TimeID, Qty) values (4117, 2100, 1072, 5161, 286);
insert into Orders (Order_ID, ProductID, CustomerID, TimeID, Qty) values (4118, 2036, 1098, 5216, 1035);
insert into Orders (Order_ID, ProductID, CustomerID, TimeID, Qty) values (4119, 2019, 1105, 5076, 452);
insert into Orders (Order_ID, ProductID, CustomerID, TimeID, Qty) values (4120, 2040, 1091, 5095, 363);
insert into Orders (Order_ID, ProductID, CustomerID, TimeID, Qty) values (4121, 2062, 1045, 5068, 826);
insert into Orders (Order_ID, ProductID, CustomerID, TimeID, Qty) values (4122, 2089, 1033, 5135, 1028);
insert into Orders (Order_ID, ProductID, CustomerID, TimeID, Qty) values (4123, 2084, 1095, 5109, 587);
insert into Orders (Order_ID, ProductID, CustomerID, TimeID, Qty) values (4124, 2029, 1064, 5004, 318);
insert into Orders (Order_ID, ProductID, CustomerID, TimeID, Qty) values (4125, 2054, 1103, 5021, 572);
insert into Orders (Order_ID, ProductID, CustomerID, TimeID, Qty) values (4126, 2037, 1060, 5100, 580);
insert into Orders (Order_ID, ProductID, CustomerID, TimeID, Qty) values (4127, 2082, 1056, 5177, 211);
insert into Orders (Order_ID, ProductID, CustomerID, TimeID, Qty) values (4128, 2038, 1064, 5065, 301);
insert into Orders (Order_ID, ProductID, CustomerID, TimeID, Qty) values (4129, 2004, 1075, 5039, 237);
insert into Orders (Order_ID, ProductID, CustomerID, TimeID, Qty) values (4130, 2100, 1089, 5093, 915);
insert into Orders (Order_ID, ProductID, CustomerID, TimeID, Qty) values (4131, 2058, 1042, 5224, 585);
insert into Orders (Order_ID, ProductID, CustomerID, TimeID, Qty) values (4132, 2096, 1081, 5131, 1054);
insert into Orders (Order_ID, ProductID, CustomerID, TimeID, Qty) values (4133, 2062, 1044, 5011, 1044);
insert into Orders (Order_ID, ProductID, CustomerID, TimeID, Qty) values (4134, 2054, 1067, 5236, 691);
insert into Orders (Order_ID, ProductID, CustomerID, TimeID, Qty) values (4135, 2036, 1036, 5071, 727);
insert into Orders (Order_ID, ProductID, CustomerID, TimeID, Qty) values (4136, 2053, 1044, 5193, 980);
insert into Orders (Order_ID, ProductID, CustomerID, TimeID, Qty) values (4137, 2096, 1015, 5073, 980);
insert into Orders (Order_ID, ProductID, CustomerID, TimeID, Qty) values (4138, 2027, 1016, 5064, 869);
insert into Orders (Order_ID, ProductID, CustomerID, TimeID, Qty) values (4139, 2087, 1051, 5048, 971);
insert into Orders (Order_ID, ProductID, CustomerID, TimeID, Qty) values (4140, 2033, 1044, 5214, 224);
insert into Orders (Order_ID, ProductID, CustomerID, TimeID, Qty) values (4141, 2073, 1098, 5013, 737);
insert into Orders (Order_ID, ProductID, CustomerID, TimeID, Qty) values (4142, 2104, 1001, 5111, 437);
insert into Orders (Order_ID, ProductID, CustomerID, TimeID, Qty) values (4143, 2012, 1012, 5103, 202);
insert into Orders (Order_ID, ProductID, CustomerID, TimeID, Qty) values (4144, 2076, 1091, 5177, 800);
insert into Orders (Order_ID, ProductID, CustomerID, TimeID, Qty) values (4145, 2024, 1052, 5183, 332);
insert into Orders (Order_ID, ProductID, CustomerID, TimeID, Qty) values (4146, 2027, 1060, 5084, 503);
insert into Orders (Order_ID, ProductID, CustomerID, TimeID, Qty) values (4147, 2073, 1018, 5131, 347);
insert into Orders (Order_ID, ProductID, CustomerID, TimeID, Qty) values (4148, 2070, 1103, 5147, 683);
insert into Orders (Order_ID, ProductID, CustomerID, TimeID, Qty) values (4149, 2066, 1106, 5078, 404);
insert into Orders (Order_ID, ProductID, CustomerID, TimeID, Qty) values (4150, 2059, 1046, 5084, 239);
insert into Orders (Order_ID, ProductID, CustomerID, TimeID, Qty) values (4151, 2056, 1100, 5201, 450);
insert into Orders (Order_ID, ProductID, CustomerID, TimeID, Qty) values (4152, 2028, 1032, 5161, 177);
insert into Orders (Order_ID, ProductID, CustomerID, TimeID, Qty) values (4153, 2058, 1028, 5037, 867);
insert into Orders (Order_ID, ProductID, CustomerID, TimeID, Qty) values (4154, 2076, 1007, 5142, 332);
insert into Orders (Order_ID, ProductID, CustomerID, TimeID, Qty) values (4155, 2099, 1022, 5234, 728);
insert into Orders (Order_ID, ProductID, CustomerID, TimeID, Qty) values (4156, 2027, 1077, 5108, 121);
insert into Orders (Order_ID, ProductID, CustomerID, TimeID, Qty) values (4157, 2045, 1065, 5078, 846);
insert into Orders (Order_ID, ProductID, CustomerID, TimeID, Qty) values (4158, 2035, 1006, 5154, 433);
insert into Orders (Order_ID, ProductID, CustomerID, TimeID, Qty) values (4159, 2068, 1023, 5156, 209);
insert into Orders (Order_ID, ProductID, CustomerID, TimeID, Qty) values (4160, 2092, 1082, 5167, 504);
insert into Orders (Order_ID, ProductID, CustomerID, TimeID, Qty) values (4161, 2044, 1106, 5056, 690);
insert into Orders (Order_ID, ProductID, CustomerID, TimeID, Qty) values (4162, 2017, 1077, 5223, 883);
insert into Orders (Order_ID, ProductID, CustomerID, TimeID, Qty) values (4163, 2031, 1026, 5084, 300);
insert into Orders (Order_ID, ProductID, CustomerID, TimeID, Qty) values (4164, 2034, 1105, 5081, 944);
insert into Orders (Order_ID, ProductID, CustomerID, TimeID, Qty) values (4165, 2081, 1064, 5020, 1037);
insert into Orders (Order_ID, ProductID, CustomerID, TimeID, Qty) values (4166, 2067, 1015, 5164, 540);
insert into Orders (Order_ID, ProductID, CustomerID, TimeID, Qty) values (4167, 2070, 1005, 5093, 545);
insert into Orders (Order_ID, ProductID, CustomerID, TimeID, Qty) values (4168, 2025, 1065, 5213, 957);
insert into Orders (Order_ID, ProductID, CustomerID, TimeID, Qty) values (4169, 2037, 1049, 5061, 598);
insert into Orders (Order_ID, ProductID, CustomerID, TimeID, Qty) values (4170, 2032, 1029, 5111, 1025);
insert into Orders (Order_ID, ProductID, CustomerID, TimeID, Qty) values (4171, 2052, 1054, 5209, 311);
insert into Orders (Order_ID, ProductID, CustomerID, TimeID, Qty) values (4172, 2025, 1047, 5141, 238);
insert into Orders (Order_ID, ProductID, CustomerID, TimeID, Qty) values (4173, 2020, 1104, 5178, 436);
insert into Orders (Order_ID, ProductID, CustomerID, TimeID, Qty) values (4174, 2050, 1013, 5217, 191);
insert into Orders (Order_ID, ProductID, CustomerID, TimeID, Qty) values (4175, 2034, 1092, 5170, 750);
insert into Orders (Order_ID, ProductID, CustomerID, TimeID, Qty) values (4176, 2016, 1053, 5047, 773);
insert into Orders (Order_ID, ProductID, CustomerID, TimeID, Qty) values (4177, 2041, 1012, 5069, 589);
insert into Orders (Order_ID, ProductID, CustomerID, TimeID, Qty) values (4178, 2001, 1047, 5205, 596);
insert into Orders (Order_ID, ProductID, CustomerID, TimeID, Qty) values (4179, 2035, 1061, 5230, 1015);
insert into Orders (Order_ID, ProductID, CustomerID, TimeID, Qty) values (4180, 2006, 1096, 5207, 329);
insert into Orders (Order_ID, ProductID, CustomerID, TimeID, Qty) values (4181, 2023, 1043, 5152, 1041);
insert into Orders (Order_ID, ProductID, CustomerID, TimeID, Qty) values (4182, 2098, 1106, 5092, 566);
insert into Orders (Order_ID, ProductID, CustomerID, TimeID, Qty) values (4183, 2086, 1069, 5037, 825);
insert into Orders (Order_ID, ProductID, CustomerID, TimeID, Qty) values (4184, 2058, 1031, 5116, 146);
insert into Orders (Order_ID, ProductID, CustomerID, TimeID, Qty) values (4185, 2020, 1074, 5056, 662);
insert into Orders (Order_ID, ProductID, CustomerID, TimeID, Qty) values (4186, 2004, 1080, 5235, 129);
insert into Orders (Order_ID, ProductID, CustomerID, TimeID, Qty) values (4187, 2036, 1081, 5087, 346);
insert into Orders (Order_ID, ProductID, CustomerID, TimeID, Qty) values (4188, 2073, 1053, 5030, 786);
insert into Orders (Order_ID, ProductID, CustomerID, TimeID, Qty) values (4189, 2039, 1070, 5158, 840);
insert into Orders (Order_ID, ProductID, CustomerID, TimeID, Qty) values (4190, 2013, 1065, 5121, 705);
insert into Orders (Order_ID, ProductID, CustomerID, TimeID, Qty) values (4191, 2077, 1109, 5235, 756);
insert into Orders (Order_ID, ProductID, CustomerID, TimeID, Qty) values (4192, 2083, 1048, 5078, 269);
insert into Orders (Order_ID, ProductID, CustomerID, TimeID, Qty) values (4193, 2091, 1081, 5120, 547);
insert into Orders (Order_ID, ProductID, CustomerID, TimeID, Qty) values (4194, 2012, 1052, 5121, 1084);
insert into Orders (Order_ID, ProductID, CustomerID, TimeID, Qty) values (4195, 2030, 1018, 5192, 186);
insert into Orders (Order_ID, ProductID, CustomerID, TimeID, Qty) values (4196, 2035, 1058, 5199, 563);
insert into Orders (Order_ID, ProductID, CustomerID, TimeID, Qty) values (4197, 2020, 1028, 5223, 206);
insert into Orders (Order_ID, ProductID, CustomerID, TimeID, Qty) values (4198, 2047, 1007, 5005, 407);
insert into Orders (Order_ID, ProductID, CustomerID, TimeID, Qty) values (4199, 2099, 1003, 5163, 641);
insert into Orders (Order_ID, ProductID, CustomerID, TimeID, Qty) values (4200, 2064, 1069, 5122, 1021);
insert into Orders (Order_ID, ProductID, CustomerID, TimeID, Qty) values (4201, 2009, 1066, 5018, 1031);
insert into Orders (Order_ID, ProductID, CustomerID, TimeID, Qty) values (4202, 2039, 1056, 5075, 1083);
insert into Orders (Order_ID, ProductID, CustomerID, TimeID, Qty) values (4203, 2012, 1055, 5092, 166);
insert into Orders (Order_ID, ProductID, CustomerID, TimeID, Qty) values (4204, 2042, 1108, 5160, 1087);
insert into Orders (Order_ID, ProductID, CustomerID, TimeID, Qty) values (4205, 2036, 1084, 5116, 116);
insert into Orders (Order_ID, ProductID, CustomerID, TimeID, Qty) values (4206, 2009, 1064, 5085, 185);
insert into Orders (Order_ID, ProductID, CustomerID, TimeID, Qty) values (4207, 2080, 1028, 5060, 927);
insert into Orders (Order_ID, ProductID, CustomerID, TimeID, Qty) values (4208, 2046, 1100, 5230, 371);
insert into Orders (Order_ID, ProductID, CustomerID, TimeID, Qty) values (4209, 2076, 1098, 5135, 883);
insert into Orders (Order_ID, ProductID, CustomerID, TimeID, Qty) values (4210, 2031, 1046, 5034, 461);
insert into Orders (Order_ID, ProductID, CustomerID, TimeID, Qty) values (4211, 2094, 1026, 5206, 1061);
insert into Orders (Order_ID, ProductID, CustomerID, TimeID, Qty) values (4212, 2087, 1058, 5105, 542);
insert into Orders (Order_ID, ProductID, CustomerID, TimeID, Qty) values (4213, 2008, 1078, 5230, 712);
insert into Orders (Order_ID, ProductID, CustomerID, TimeID, Qty) values (4214, 2002, 1033, 5029, 115);
insert into Orders (Order_ID, ProductID, CustomerID, TimeID, Qty) values (4215, 2045, 1056, 5160, 515);
insert into Orders (Order_ID, ProductID, CustomerID, TimeID, Qty) values (4216, 2059, 1060, 5051, 144);
insert into Orders (Order_ID, ProductID, CustomerID, TimeID, Qty) values (4217, 2095, 1082, 5123, 872);
insert into Orders (Order_ID, ProductID, CustomerID, TimeID, Qty) values (4218, 2095, 1032, 5076, 133);
insert into Orders (Order_ID, ProductID, CustomerID, TimeID, Qty) values (4219, 2084, 1027, 5133, 216);
insert into Orders (Order_ID, ProductID, CustomerID, TimeID, Qty) values (4220, 2062, 1087, 5087, 198);
insert into Orders (Order_ID, ProductID, CustomerID, TimeID, Qty) values (4221, 2031, 1067, 5121, 881);
insert into Orders (Order_ID, ProductID, CustomerID, TimeID, Qty) values (4222, 2060, 1049, 5031, 934);
insert into Orders (Order_ID, ProductID, CustomerID, TimeID, Qty) values (4223, 2055, 1019, 5041, 179);
insert into Orders (Order_ID, ProductID, CustomerID, TimeID, Qty) values (4224, 2085, 1089, 5092, 688);
insert into Orders (Order_ID, ProductID, CustomerID, TimeID, Qty) values (4225, 2088, 1101, 5004, 612);
insert into Orders (Order_ID, ProductID, CustomerID, TimeID, Qty) values (4226, 2004, 1108, 5086, 950);
insert into Orders (Order_ID, ProductID, CustomerID, TimeID, Qty) values (4227, 2057, 1105, 5149, 271);
insert into Orders (Order_ID, ProductID, CustomerID, TimeID, Qty) values (4228, 2042, 1102, 5147, 774);
insert into Orders (Order_ID, ProductID, CustomerID, TimeID, Qty) values (4229, 2066, 1067, 5089, 372);
insert into Orders (Order_ID, ProductID, CustomerID, TimeID, Qty) values (4230, 2011, 1034, 5090, 213);
insert into Orders (Order_ID, ProductID, CustomerID, TimeID, Qty) values (4231, 2082, 1058, 5233, 241);
insert into Orders (Order_ID, ProductID, CustomerID, TimeID, Qty) values (4232, 2038, 1018, 5066, 386);
insert into Orders (Order_ID, ProductID, CustomerID, TimeID, Qty) values (4233, 2072, 1005, 5197, 555);
insert into Orders (Order_ID, ProductID, CustomerID, TimeID, Qty) values (4234, 2058, 1027, 5110, 247);
insert into Orders (Order_ID, ProductID, CustomerID, TimeID, Qty) values (4235, 2047, 1079, 5009, 386);
insert into Orders (Order_ID, ProductID, CustomerID, TimeID, Qty) values (4236, 2038, 1073, 5206, 643);
insert into Orders (Order_ID, ProductID, CustomerID, TimeID, Qty) values (4237, 2034, 1083, 5079, 324);
insert into Orders (Order_ID, ProductID, CustomerID, TimeID, Qty) values (4238, 2062, 1055, 5007, 764);
insert into Orders (Order_ID, ProductID, CustomerID, TimeID, Qty) values (4239, 2009, 1089, 5177, 964);
insert into Orders (Order_ID, ProductID, CustomerID, TimeID, Qty) values (4240, 2029, 1044, 5139, 365);

create table Product (
	Product_ID INT,
	Name VARCHAR(42),
	Category_ID INT,
	Rate INT,
	Stock INT
);
insert into Product (Product_ID, Name, Category_ID, Rate, Stock) values (2001, 'Ponds cream', 3004, 9772, 4002);
insert into Product (Product_ID, Name, Category_ID, Rate, Stock) values (2002, 'Vaseline jelly', 3004, 8376, 4139);
insert into Product (Product_ID, Name, Category_ID, Rate, Stock) values (2003, 'Boroplus', 3004, 10626, 3952);
insert into Product (Product_ID, Name, Category_ID, Rate, Stock) values (2004, 'Wildstone', 3004, 5329, 3247);
insert into Product (Product_ID, Name, Category_ID, Rate, Stock) values (2005, 'Rosewater Mist', 3004, 6746, 3061);
insert into Product (Product_ID, Name, Category_ID, Rate, Stock) values (2006, 'Sculpting Gel', 3004, 10802, 3881);
insert into Product (Product_ID, Name, Category_ID, Rate, Stock) values (2007, 'PixelPalace Palette', 3004, 11011, 1509);
insert into Product (Product_ID, Name, Category_ID, Rate, Stock) values (2008, 'NovaNectar Cream', 3004, 5995, 2217);
insert into Product (Product_ID, Name, Category_ID, Rate, Stock) values (2009, 'SolarSculptBronzer', 3004, 11302, 5040);
insert into Product (Product_ID, Name, Category_ID, Rate, Stock) values (2010, 'LunaLume Eyeliner', 3004, 5433, 3400);
insert into Product (Product_ID, Name, Category_ID, Rate, Stock) values (2011, 'Bold and Beautiful Mascara', 3004, 6160, 3101);
insert into Product (Product_ID, Name, Category_ID, Rate, Stock) values (2012, 'PentaPetal Facial Toner', 3004, 3694, 5444);
insert into Product (Product_ID, Name, Category_ID, Rate, Stock) values (2013, 'TerraTreasure Foundation', 3004, 2832, 2465);
insert into Product (Product_ID, Name, Category_ID, Rate, Stock) values (2014, 'Glitter Glam Nail Polish', 3004, 7123, 5142);
insert into Product (Product_ID, Name, Category_ID, Rate, Stock) values (2015, 'Zenful Facial Mist', 3004, 3984, 2832);
insert into Product (Product_ID, Name, Category_ID, Rate, Stock) values (2016, 'Runners sports Shoes', 3005, 7641, 5969);
insert into Product (Product_ID, Name, Category_ID, Rate, Stock) values (2017, 'Smart Fitness Watch', 3005, 3996, 2963);
insert into Product (Product_ID, Name, Category_ID, Rate, Stock) values (2018, 'Cycling Gear', 3005, 2898, 3120);
insert into Product (Product_ID, Name, Category_ID, Rate, Stock) values (2019, 'Yoga Harmony Mat', 3005, 7871, 2564);
insert into Product (Product_ID, Name, Category_ID, Rate, Stock) values (2020, 'Power Gloves', 3005, 6134, 3573);
insert into Product (Product_ID, Name, Category_ID, Rate, Stock) values (2021, 'Marathon Compression Socks', 3005, 5312, 4288);
insert into Product (Product_ID, Name, Category_ID, Rate, Stock) values (2022, 'Heavy-Duty Weightlifting Belt', 3005, 7256, 1816);
insert into Product (Product_ID, Name, Category_ID, Rate, Stock) values (2023, 'Ultimate Hydration System', 3005, 9244, 2847);
insert into Product (Product_ID, Name, Category_ID, Rate, Stock) values (2024, 'LunaLume Reflective Cycling Jacket', 3005, 3754, 3889);
insert into Product (Product_ID, Name, Category_ID, Rate, Stock) values (2025, 'Trailblazer Running Backpack', 3005, 11316, 5364);
insert into Product (Product_ID, Name, Category_ID, Rate, Stock) values (2026, 'ZenZest SwingMaster Golf Analyzer', 3005, 9315, 5226);
insert into Product (Product_ID, Name, Category_ID, Rate, Stock) values (2027, 'Pro Tennis Precision Racket', 3005, 9347, 3805);
insert into Product (Product_ID, Name, Category_ID, Rate, Stock) values (2028, 'PentaPetal Pilates Power Bands', 3005, 6224, 1782);
insert into Product (Product_ID, Name, Category_ID, Rate, Stock) values (2029, 'Trekking Pole Set', 3005, 6375, 5580);
insert into Product (Product_ID, Name, Category_ID, Rate, Stock) values (2030, 'Basketball Brilliance Sleeve', 3005, 8189, 5960);
insert into Product (Product_ID, Name, Category_ID, Rate, Stock) values (2031, 'Precision Screwdriver Set', 3006, 8456, 3409);
insert into Product (Product_ID, Name, Category_ID, Rate, Stock) values (2032, 'PowerPro Drill', 3006, 8687, 5468);
insert into Product (Product_ID, Name, Category_ID, Rate, Stock) values (2033, 'Heavy-Duty Pipe Wrench', 3006, 5234, 1727);
insert into Product (Product_ID, Name, Category_ID, Rate, Stock) values (2034, 'Hammer', 3006, 10887, 4737);
insert into Product (Product_ID, Name, Category_ID, Rate, Stock) values (2035, 'Paintbrush Set', 3006, 8406, 4107);
insert into Product (Product_ID, Name, Category_ID, Rate, Stock) values (2036, 'Wire Stripping Pliers', 3006, 11603, 3269);
insert into Product (Product_ID, Name, Category_ID, Rate, Stock) values (2037, 'Multi-Tool Master Kit', 3006, 8475, 1587);
insert into Product (Product_ID, Name, Category_ID, Rate, Stock) values (2038, 'High-Torque Impact Driver', 3006, 3152, 3452);
insert into Product (Product_ID, Name, Category_ID, Rate, Stock) values (2039, 'QuantumGlow LED Work Light', 3006, 9583, 2786);
insert into Product (Product_ID, Name, Category_ID, Rate, Stock) values (2040, 'SolarSculpt Tough Tape Measure', 3006, 11909, 2809);
insert into Product (Product_ID, Name, Category_ID, Rate, Stock) values (2041, 'Turbocharged Chainsaw', 3006, 9753, 4575);
insert into Product (Product_ID, Name, Category_ID, Rate, Stock) values (2042, 'MysticMingle Durable Drill Bits', 3006, 9763, 2196);
insert into Product (Product_ID, Name, Category_ID, Rate, Stock) values (2043, 'SilverSpire Sturdy Step Ladder', 3006, 8880, 4541);
insert into Product (Product_ID, Name, Category_ID, Rate, Stock) values (2044, 'ZenithZephyr Tough Toolbox', 3006, 11761, 1600);
insert into Product (Product_ID, Name, Category_ID, Rate, Stock) values (2045, 'Carpenters'' Chisel Set', 3006, 8398, 1737);
insert into Product (Product_ID, Name, Category_ID, Rate, Stock) values (2046, 'Organic Berry Blend', 3007, 2246, 1576);
insert into Product (Product_ID, Name, Category_ID, Rate, Stock) values (2047, 'Avocado Oil', 3007, 10019, 5771);
insert into Product (Product_ID, Name, Category_ID, Rate, Stock) values (2048, 'Himalayan Pink Salt', 3007, 9841, 1208);
insert into Product (Product_ID, Name, Category_ID, Rate, Stock) values (2049, 'Harvest Mix', 3007, 11511, 5535);
insert into Product (Product_ID, Name, Category_ID, Rate, Stock) values (2050, 'Mediterranean Herb Infusion', 3007, 5061, 2789);
insert into Product (Product_ID, Name, Category_ID, Rate, Stock) values (2051, 'Quinoa Flour', 3007, 6178, 4042);
insert into Product (Product_ID, Name, Category_ID, Rate, Stock) values (2052, 'SparkSculpt Almond Bliss Granola', 3007, 3785, 4536);
insert into Product (Product_ID, Name, Category_ID, Rate, Stock) values (2053, 'Wildflower Honey', 3007, 8479, 5912);
insert into Product (Product_ID, Name, Category_ID, Rate, Stock) values (2054, 'MysticMingle Chai Spice Tea', 3007, 3181, 5500);
insert into Product (Product_ID, Name, Category_ID, Rate, Stock) values (2055, 'NovaNectar Coconut Bliss Energy Bars', 3007, 4926, 2373);
insert into Product (Product_ID, Name, Category_ID, Rate, Stock) values (2056, 'Organic Jasmine Rice', 3007, 5705, 3425);
insert into Product (Product_ID, Name, Category_ID, Rate, Stock) values (2057, 'EmberEnigma Maple Drizzle Syrup', 3007, 6301, 5928);
insert into Product (Product_ID, Name, Category_ID, Rate, Stock) values (2058, 'SolarSculpt Superfood Smoothie Mix', 3007, 3300, 3872);
insert into Product (Product_ID, Name, Category_ID, Rate, Stock) values (2059, 'Roasted Coffee Bean Blend', 3007, 3255, 5978);
insert into Product (Product_ID, Name, Category_ID, Rate, Stock) values (2060, 'PentaPetal Artisanal Dark Chocolate', 3007, 8720, 3726);
insert into Product (Product_ID, Name, Category_ID, Rate, Stock) values (2061, 'Silk Elegance Gown', 3001, 6708, 3212);
insert into Product (Product_ID, Name, Category_ID, Rate, Stock) values (2062, 'StellarStyle Urban Explorer Jacket', 3001, 6623, 5840);
insert into Product (Product_ID, Name, Category_ID, Rate, Stock) values (2063, 'Tailored Denim Jumpsuit', 3001, 10720, 1515);
insert into Product (Product_ID, Name, Category_ID, Rate, Stock) values (2064, 'QuantumQuill Stratosphere Trench Coat', 3001, 8629, 1952);
insert into Product (Product_ID, Name, Category_ID, Rate, Stock) values (2065, 'Linen Breeze Shirt Dress', 3001, 10598, 5432);
insert into Product (Product_ID, Name, Category_ID, Rate, Stock) values (2066, 'SparkSculpt Athleisure Fusion Leggings', 3001, 11650, 2258);
insert into Product (Product_ID, Name, Category_ID, Rate, Stock) values (2067, 'Boho Chic Maxi Skirt', 3001, 3221, 5328);
insert into Product (Product_ID, Name, Category_ID, Rate, Stock) values (2068, 'AquaArbor Coastal Comfort Sweater', 3001, 4075, 4245);
insert into Product (Product_ID, Name, Category_ID, Rate, Stock) values (2069, 'Ethereal Lace Blouse', 3001, 4675, 4794);
insert into Product (Product_ID, Name, Category_ID, Rate, Stock) values (2070, 'BlazeBreeze Streetwise Leather Jacket', 3001, 2986, 5094);
insert into Product (Product_ID, Name, Category_ID, Rate, Stock) values (2071, 'Pixel-Perfect Graphic Tee', 3001, 11908, 1387);
insert into Product (Product_ID, Name, Category_ID, Rate, Stock) values (2072, 'ZenZest Zenith Zip-Up Hoodie', 3001, 4513, 4198);
insert into Product (Product_ID, Name, Category_ID, Rate, Stock) values (2073, 'Twill Temptation Trousers', 3001, 3387, 4950);
insert into Product (Product_ID, Name, Category_ID, Rate, Stock) values (2074, 'MysticMingle Mystic Melody Kimono', 3001, 7385, 3123);
insert into Product (Product_ID, Name, Category_ID, Rate, Stock) values (2075, 'SilverSpire Silver Lining Bomber Jacket', 3001, 9333, 3910);
insert into Product (Product_ID, Name, Category_ID, Rate, Stock) values (2076, 'Chair', 3002, 6057, 5225);
insert into Product (Product_ID, Name, Category_ID, Rate, Stock) values (2077, 'Modular Sofa', 3002, 9963, 5045);
insert into Product (Product_ID, Name, Category_ID, Rate, Stock) values (2078, 'NovaNest Minimalist Bedside Table', 3002, 4457, 1099);
insert into Product (Product_ID, Name, Category_ID, Rate, Stock) values (2079, 'Ergo-Comfort Desk Chair', 3002, 11917, 3301);
insert into Product (Product_ID, Name, Category_ID, Rate, Stock) values (2080, 'Floating Shelf System', 3002, 9163, 3997);
insert into Product (Product_ID, Name, Category_ID, Rate, Stock) values (2081, 'Standing Lamp', 3002, 6985, 5994);
insert into Product (Product_ID, Name, Category_ID, Rate, Stock) values (2082, 'LunaLume Lunar Coffee Table', 3002, 11827, 3296);
insert into Product (Product_ID, Name, Category_ID, Rate, Stock) values (2083, 'Mid-Century Velvet Ottoman', 3002, 11289, 1211);
insert into Product (Product_ID, Name, Category_ID, Rate, Stock) values (2084, 'SparkSculpt Scandinavian Dining Set', 3002, 6715, 3601);
insert into Product (Product_ID, Name, Category_ID, Rate, Stock) values (2085, 'Coastal Console Table', 3002, 6223, 4636);
insert into Product (Product_ID, Name, Category_ID, Rate, Stock) values (2086, 'Wardrobe Wonderland', 3002, 2399, 5957);
insert into Product (Product_ID, Name, Category_ID, Rate, Stock) values (2087, 'PixelPalace Geometric Bookshelf', 3002, 4732, 5894);
insert into Product (Product_ID, Name, Category_ID, Rate, Stock) values (2088, 'ZenithZephyr Zen Garden Bench', 3002, 10721, 1628);
insert into Product (Product_ID, Name, Category_ID, Rate, Stock) values (2089, 'MysticMingle Vintage Vanity Mirror', 3002, 7788, 3466);
insert into Product (Product_ID, Name, Category_ID, Rate, Stock) values (2090, 'SilverSpire Timeless Sideboard', 3002, 11939, 2235);
insert into Product (Product_ID, Name, Category_ID, Rate, Stock) values (2091, 'Precision Chef''s Knife', 3003, 7031, 2878);
insert into Product (Product_ID, Name, Category_ID, Rate, Stock) values (2092, 'Stainless Steel Mixing Bowls', 3003, 4419, 5431);
insert into Product (Product_ID, Name, Category_ID, Rate, Stock) values (2093, 'GourmetGlide Non-Stick Wok', 3003, 6595, 3522);
insert into Product (Product_ID, Name, Category_ID, Rate, Stock) values (2094, 'ZenithZest Herb Infuser Carafe', 3003, 8442, 3350);
insert into Product (Product_ID, Name, Category_ID, Rate, Stock) values (2095, 'Citrus Squeeze Juicer', 3003, 4606, 2779);
insert into Product (Product_ID, Name, Category_ID, Rate, Stock) values (2096, 'Bamboo Cutting Board Set', 3003, 5434, 1731);
insert into Product (Product_ID, Name, Category_ID, Rate, Stock) values (2097, 'Silicone Cooking Utensil Set', 3003, 2798, 2395);
insert into Product (Product_ID, Name, Category_ID, Rate, Stock) values (2098, 'SparkSculpt Electric Spice Grinder', 3003, 6374, 1010);
insert into Product (Product_ID, Name, Category_ID, Rate, Stock) values (2099, 'Copper Cookware Collection', 3003, 4213, 3837);
insert into Product (Product_ID, Name, Category_ID, Rate, Stock) values (2100, 'SolarSavor Digital Kitchen Scale', 3003, 4103, 5188);
insert into Product (Product_ID, Name, Category_ID, Rate, Stock) values (2101, 'Pour-Over Coffee Maker', 3003, 4419, 4940);
insert into Product (Product_ID, Name, Category_ID, Rate, Stock) values (2102, 'BlazeBreeze Glass Baking Dish Set', 3003, 2901, 3504);
insert into Product (Product_ID, Name, Category_ID, Rate, Stock) values (2103, 'Pastel Dishware Collection', 3003, 6627, 3898);
insert into Product (Product_ID, Name, Category_ID, Rate, Stock) values (2104, 'LunaLume Premium Wine Opener', 3003, 3448, 5883);
insert into Product (Product_ID, Name, Category_ID, Rate, Stock) values (2105, 'Marble Coated Cookware Set', 3003, 7277, 5990);

create table Time (
	Time_ID INT,
	Date INT,
	Month VARCHAR(9),
	Year INT,
	Time VARCHAR(50)
);
insert into Time (Time_ID, Date, Month, Year, Time) values (5001, 26, 'April', 2019, '2:41 PM');
insert into Time (Time_ID, Date, Month, Year, Time) values (5002, 2, 'April', 2017, '10:19 AM');
insert into Time (Time_ID, Date, Month, Year, Time) values (5003, 23, 'October', 2021, '5:32 PM');
insert into Time (Time_ID, Date, Month, Year, Time) values (5004, 28, 'April', 2021, '3:10 AM');
insert into Time (Time_ID, Date, Month, Year, Time) values (5005, 19, 'August', 2021, '12:14 AM');
insert into Time (Time_ID, Date, Month, Year, Time) values (5006, 6, 'February', 2018, '3:12 AM');
insert into Time (Time_ID, Date, Month, Year, Time) values (5007, 13, 'November', 2019, '10:04 AM');
insert into Time (Time_ID, Date, Month, Year, Time) values (5008, 28, 'February', 2019, '9:40 PM');
insert into Time (Time_ID, Date, Month, Year, Time) values (5009, 9, 'April', 2015, '11:48 AM');
insert into Time (Time_ID, Date, Month, Year, Time) values (5010, 2, 'July', 2015, '5:20 PM');
insert into Time (Time_ID, Date, Month, Year, Time) values (5011, 24, 'December', 2015, '10:04 PM');
insert into Time (Time_ID, Date, Month, Year, Time) values (5012, 25, 'May', 2020, '7:06 AM');
insert into Time (Time_ID, Date, Month, Year, Time) values (5013, 27, 'October', 2021, '3:47 PM');
insert into Time (Time_ID, Date, Month, Year, Time) values (5014, 5, 'June', 2022, '4:00 AM');
insert into Time (Time_ID, Date, Month, Year, Time) values (5015, 24, 'October', 2016, '8:51 PM');
insert into Time (Time_ID, Date, Month, Year, Time) values (5016, 15, 'March', 2014, '11:04 PM');
insert into Time (Time_ID, Date, Month, Year, Time) values (5017, 14, 'November', 2017, '9:49 AM');
insert into Time (Time_ID, Date, Month, Year, Time) values (5018, 13, 'April', 2015, '8:11 AM');
insert into Time (Time_ID, Date, Month, Year, Time) values (5019, 28, 'June', 2017, '6:39 PM');
insert into Time (Time_ID, Date, Month, Year, Time) values (5020, 9, 'July', 2019, '3:15 PM');
insert into Time (Time_ID, Date, Month, Year, Time) values (5021, 28, 'July', 2021, '10:41 PM');
insert into Time (Time_ID, Date, Month, Year, Time) values (5022, 13, 'March', 2014, '6:48 PM');
insert into Time (Time_ID, Date, Month, Year, Time) values (5023, 8, 'September', 2015, '9:51 PM');
insert into Time (Time_ID, Date, Month, Year, Time) values (5024, 10, 'February', 2017, '12:50 PM');
insert into Time (Time_ID, Date, Month, Year, Time) values (5025, 9, 'January', 2015, '12:14 AM');
insert into Time (Time_ID, Date, Month, Year, Time) values (5026, 1, 'April', 2013, '7:51 PM');
insert into Time (Time_ID, Date, Month, Year, Time) values (5027, 13, 'July', 2022, '2:39 AM');
insert into Time (Time_ID, Date, Month, Year, Time) values (5028, 28, 'January', 2013, '6:07 PM');
insert into Time (Time_ID, Date, Month, Year, Time) values (5029, 11, 'October', 2021, '5:46 AM');
insert into Time (Time_ID, Date, Month, Year, Time) values (5030, 4, 'February', 2015, '8:16 PM');
insert into Time (Time_ID, Date, Month, Year, Time) values (5031, 4, 'April', 2017, '4:01 AM');
insert into Time (Time_ID, Date, Month, Year, Time) values (5032, 7, 'April', 2014, '12:52 AM');
insert into Time (Time_ID, Date, Month, Year, Time) values (5033, 9, 'May', 2019, '7:59 PM');
insert into Time (Time_ID, Date, Month, Year, Time) values (5034, 27, 'May', 2015, '6:44 PM');
insert into Time (Time_ID, Date, Month, Year, Time) values (5035, 5, 'August', 2020, '3:50 AM');
insert into Time (Time_ID, Date, Month, Year, Time) values (5036, 11, 'April', 2021, '10:49 PM');
insert into Time (Time_ID, Date, Month, Year, Time) values (5037, 9, 'August', 2022, '8:39 AM');
insert into Time (Time_ID, Date, Month, Year, Time) values (5038, 12, 'January', 2013, '8:24 AM');
insert into Time (Time_ID, Date, Month, Year, Time) values (5039, 6, 'January', 2020, '2:06 PM');
insert into Time (Time_ID, Date, Month, Year, Time) values (5040, 21, 'June', 2019, '8:38 PM');
insert into Time (Time_ID, Date, Month, Year, Time) values (5041, 25, 'April', 2019, '3:09 PM');
insert into Time (Time_ID, Date, Month, Year, Time) values (5042, 21, 'December', 2021, '8:26 AM');
insert into Time (Time_ID, Date, Month, Year, Time) values (5043, 27, 'December', 2020, '2:29 PM');
insert into Time (Time_ID, Date, Month, Year, Time) values (5044, 24, 'July', 2016, '1:34 PM');
insert into Time (Time_ID, Date, Month, Year, Time) values (5045, 17, 'April', 2013, '10:00 PM');
insert into Time (Time_ID, Date, Month, Year, Time) values (5046, 6, 'February', 2014, '7:51 AM');
insert into Time (Time_ID, Date, Month, Year, Time) values (5047, 18, 'April', 2014, '9:25 AM');
insert into Time (Time_ID, Date, Month, Year, Time) values (5048, 24, 'June', 2015, '12:07 PM');
insert into Time (Time_ID, Date, Month, Year, Time) values (5049, 23, 'August', 2018, '9:31 AM');
insert into Time (Time_ID, Date, Month, Year, Time) values (5050, 17, 'April', 2021, '9:35 AM');
insert into Time (Time_ID, Date, Month, Year, Time) values (5051, 9, 'April', 2018, '7:15 AM');
insert into Time (Time_ID, Date, Month, Year, Time) values (5052, 21, 'August', 2015, '3:57 AM');
insert into Time (Time_ID, Date, Month, Year, Time) values (5053, 17, 'July', 2015, '11:12 AM');
insert into Time (Time_ID, Date, Month, Year, Time) values (5054, 9, 'December', 2015, '6:56 AM');
insert into Time (Time_ID, Date, Month, Year, Time) values (5055, 20, 'April', 2022, '3:30 AM');
insert into Time (Time_ID, Date, Month, Year, Time) values (5056, 21, 'October', 2016, '9:25 AM');
insert into Time (Time_ID, Date, Month, Year, Time) values (5057, 6, 'February', 2018, '5:28 PM');
insert into Time (Time_ID, Date, Month, Year, Time) values (5058, 8, 'August', 2022, '4:33 PM');
insert into Time (Time_ID, Date, Month, Year, Time) values (5059, 12, 'October', 2019, '3:53 AM');
insert into Time (Time_ID, Date, Month, Year, Time) values (5060, 3, 'April', 2021, '5:42 AM');
insert into Time (Time_ID, Date, Month, Year, Time) values (5061, 15, 'May', 2015, '10:29 AM');
insert into Time (Time_ID, Date, Month, Year, Time) values (5062, 10, 'May', 2016, '4:01 AM');
insert into Time (Time_ID, Date, Month, Year, Time) values (5063, 3, 'November', 2020, '3:55 PM');
insert into Time (Time_ID, Date, Month, Year, Time) values (5064, 26, 'October', 2016, '6:39 PM');
insert into Time (Time_ID, Date, Month, Year, Time) values (5065, 16, 'July', 2017, '10:36 AM');
insert into Time (Time_ID, Date, Month, Year, Time) values (5066, 21, 'February', 2015, '12:58 AM');
insert into Time (Time_ID, Date, Month, Year, Time) values (5067, 18, 'August', 2017, '5:40 PM');
insert into Time (Time_ID, Date, Month, Year, Time) values (5068, 14, 'August', 2020, '9:42 AM');
insert into Time (Time_ID, Date, Month, Year, Time) values (5069, 6, 'April', 2020, '12:26 AM');
insert into Time (Time_ID, Date, Month, Year, Time) values (5070, 7, 'May', 2013, '4:28 PM');
insert into Time (Time_ID, Date, Month, Year, Time) values (5071, 3, 'July', 2017, '9:41 PM');
insert into Time (Time_ID, Date, Month, Year, Time) values (5072, 19, 'March', 2014, '11:24 AM');
insert into Time (Time_ID, Date, Month, Year, Time) values (5073, 6, 'March', 2019, '8:57 AM');
insert into Time (Time_ID, Date, Month, Year, Time) values (5074, 20, 'June', 2017, '7:46 PM');
insert into Time (Time_ID, Date, Month, Year, Time) values (5075, 3, 'March', 2018, '3:35 PM');
insert into Time (Time_ID, Date, Month, Year, Time) values (5076, 8, 'October', 2020, '4:21 AM');
insert into Time (Time_ID, Date, Month, Year, Time) values (5077, 9, 'July', 2019, '7:54 AM');
insert into Time (Time_ID, Date, Month, Year, Time) values (5078, 1, 'July', 2016, '3:45 AM');
insert into Time (Time_ID, Date, Month, Year, Time) values (5079, 6, 'June', 2019, '8:58 PM');
insert into Time (Time_ID, Date, Month, Year, Time) values (5080, 23, 'August', 2017, '5:00 PM');
insert into Time (Time_ID, Date, Month, Year, Time) values (5081, 8, 'May', 2017, '4:30 PM');
insert into Time (Time_ID, Date, Month, Year, Time) values (5082, 24, 'August', 2016, '4:20 AM');
insert into Time (Time_ID, Date, Month, Year, Time) values (5083, 17, 'September', 2016, '11:05 AM');
insert into Time (Time_ID, Date, Month, Year, Time) values (5084, 10, 'March', 2022, '4:22 PM');
insert into Time (Time_ID, Date, Month, Year, Time) values (5085, 14, 'July', 2019, '1:17 AM');
insert into Time (Time_ID, Date, Month, Year, Time) values (5086, 23, 'June', 2019, '5:32 AM');
insert into Time (Time_ID, Date, Month, Year, Time) values (5087, 22, 'February', 2022, '11:18 PM');
insert into Time (Time_ID, Date, Month, Year, Time) values (5088, 15, 'August', 2019, '6:56 PM');
insert into Time (Time_ID, Date, Month, Year, Time) values (5089, 3, 'November', 2017, '9:01 AM');
insert into Time (Time_ID, Date, Month, Year, Time) values (5090, 7, 'October', 2019, '12:26 PM');
insert into Time (Time_ID, Date, Month, Year, Time) values (5091, 13, 'August', 2016, '7:43 PM');
insert into Time (Time_ID, Date, Month, Year, Time) values (5092, 1, 'April', 2014, '10:54 PM');
insert into Time (Time_ID, Date, Month, Year, Time) values (5093, 2, 'May', 2015, '3:48 PM');
insert into Time (Time_ID, Date, Month, Year, Time) values (5094, 16, 'March', 2018, '3:58 PM');
insert into Time (Time_ID, Date, Month, Year, Time) values (5095, 9, 'April', 2013, '7:53 PM');
insert into Time (Time_ID, Date, Month, Year, Time) values (5096, 6, 'March', 2013, '3:11 AM');
insert into Time (Time_ID, Date, Month, Year, Time) values (5097, 5, 'March', 2015, '3:15 AM');
insert into Time (Time_ID, Date, Month, Year, Time) values (5098, 6, 'December', 2019, '5:25 AM');
insert into Time (Time_ID, Date, Month, Year, Time) values (5099, 1, 'April', 2022, '4:52 PM');
insert into Time (Time_ID, Date, Month, Year, Time) values (5100, 14, 'August', 2021, '11:31 AM');
insert into Time (Time_ID, Date, Month, Year, Time) values (5101, 4, 'October', 2019, '6:21 AM');
insert into Time (Time_ID, Date, Month, Year, Time) values (5102, 16, 'August', 2014, '5:56 AM');
insert into Time (Time_ID, Date, Month, Year, Time) values (5103, 2, 'February', 2019, '7:47 PM');
insert into Time (Time_ID, Date, Month, Year, Time) values (5104, 13, 'March', 2014, '1:30 PM');
insert into Time (Time_ID, Date, Month, Year, Time) values (5105, 6, 'April', 2022, '1:38 PM');
insert into Time (Time_ID, Date, Month, Year, Time) values (5106, 19, 'February', 2020, '1:48 PM');
insert into Time (Time_ID, Date, Month, Year, Time) values (5107, 24, 'May', 2016, '5:56 PM');
insert into Time (Time_ID, Date, Month, Year, Time) values (5108, 13, 'December', 2016, '3:36 PM');
insert into Time (Time_ID, Date, Month, Year, Time) values (5109, 7, 'September', 2021, '5:30 PM');
insert into Time (Time_ID, Date, Month, Year, Time) values (5110, 22, 'October', 2015, '6:31 AM');
insert into Time (Time_ID, Date, Month, Year, Time) values (5111, 3, 'March', 2019, '7:20 PM');
insert into Time (Time_ID, Date, Month, Year, Time) values (5112, 16, 'January', 2016, '9:04 PM');
insert into Time (Time_ID, Date, Month, Year, Time) values (5113, 16, 'July', 2015, '3:22 AM');
insert into Time (Time_ID, Date, Month, Year, Time) values (5114, 2, 'June', 2014, '2:38 AM');
insert into Time (Time_ID, Date, Month, Year, Time) values (5115, 14, 'March', 2013, '1:14 PM');
insert into Time (Time_ID, Date, Month, Year, Time) values (5116, 2, 'April', 2015, '6:51 PM');
insert into Time (Time_ID, Date, Month, Year, Time) values (5117, 12, 'July', 2014, '7:20 PM');
insert into Time (Time_ID, Date, Month, Year, Time) values (5118, 28, 'May', 2018, '11:50 PM');
insert into Time (Time_ID, Date, Month, Year, Time) values (5119, 14, 'October', 2019, '7:18 PM');
insert into Time (Time_ID, Date, Month, Year, Time) values (5120, 22, 'January', 2014, '12:53 PM');
insert into Time (Time_ID, Date, Month, Year, Time) values (5121, 15, 'August', 2018, '6:29 AM');
insert into Time (Time_ID, Date, Month, Year, Time) values (5122, 6, 'February', 2014, '10:11 PM');
insert into Time (Time_ID, Date, Month, Year, Time) values (5123, 3, 'February', 2017, '4:05 AM');
insert into Time (Time_ID, Date, Month, Year, Time) values (5124, 25, 'June', 2013, '4:19 AM');
insert into Time (Time_ID, Date, Month, Year, Time) values (5125, 8, 'April', 2021, '8:40 PM');
insert into Time (Time_ID, Date, Month, Year, Time) values (5126, 14, 'January', 2014, '8:58 AM');
insert into Time (Time_ID, Date, Month, Year, Time) values (5127, 2, 'October', 2013, '9:42 AM');
insert into Time (Time_ID, Date, Month, Year, Time) values (5128, 14, 'October', 2020, '2:50 PM');
insert into Time (Time_ID, Date, Month, Year, Time) values (5129, 4, 'December', 2014, '7:25 AM');
insert into Time (Time_ID, Date, Month, Year, Time) values (5130, 2, 'April', 2020, '4:01 AM');
insert into Time (Time_ID, Date, Month, Year, Time) values (5131, 3, 'October', 2015, '1:00 AM');
insert into Time (Time_ID, Date, Month, Year, Time) values (5132, 11, 'July', 2015, '6:30 AM');
insert into Time (Time_ID, Date, Month, Year, Time) values (5133, 25, 'December', 2016, '9:00 AM');
insert into Time (Time_ID, Date, Month, Year, Time) values (5134, 22, 'September', 2015, '10:18 PM');
insert into Time (Time_ID, Date, Month, Year, Time) values (5135, 16, 'July', 2021, '7:14 PM');
insert into Time (Time_ID, Date, Month, Year, Time) values (5136, 11, 'December', 2020, '10:26 AM');
insert into Time (Time_ID, Date, Month, Year, Time) values (5137, 21, 'February', 2017, '1:12 AM');
insert into Time (Time_ID, Date, Month, Year, Time) values (5138, 27, 'September', 2017, '2:41 PM');
insert into Time (Time_ID, Date, Month, Year, Time) values (5139, 11, 'February', 2020, '12:09 AM');
insert into Time (Time_ID, Date, Month, Year, Time) values (5140, 28, 'August', 2021, '11:52 AM');
insert into Time (Time_ID, Date, Month, Year, Time) values (5141, 28, 'July', 2015, '5:58 PM');
insert into Time (Time_ID, Date, Month, Year, Time) values (5142, 1, 'May', 2014, '6:48 PM');
insert into Time (Time_ID, Date, Month, Year, Time) values (5143, 6, 'May', 2014, '4:46 AM');
insert into Time (Time_ID, Date, Month, Year, Time) values (5144, 18, 'August', 2016, '12:54 PM');
insert into Time (Time_ID, Date, Month, Year, Time) values (5145, 5, 'July', 2022, '4:01 AM');
insert into Time (Time_ID, Date, Month, Year, Time) values (5146, 10, 'October', 2018, '8:12 PM');
insert into Time (Time_ID, Date, Month, Year, Time) values (5147, 7, 'June', 2021, '12:45 PM');
insert into Time (Time_ID, Date, Month, Year, Time) values (5148, 25, 'April', 2021, '5:19 PM');
insert into Time (Time_ID, Date, Month, Year, Time) values (5149, 5, 'March', 2018, '2:50 PM');
insert into Time (Time_ID, Date, Month, Year, Time) values (5150, 13, 'September', 2018, '4:07 AM');
insert into Time (Time_ID, Date, Month, Year, Time) values (5151, 3, 'May', 2016, '2:32 PM');
insert into Time (Time_ID, Date, Month, Year, Time) values (5152, 23, 'June', 2014, '5:19 PM');
insert into Time (Time_ID, Date, Month, Year, Time) values (5153, 21, 'April', 2013, '1:16 PM');
insert into Time (Time_ID, Date, Month, Year, Time) values (5154, 17, 'June', 2014, '5:11 PM');
insert into Time (Time_ID, Date, Month, Year, Time) values (5155, 11, 'April', 2017, '7:02 AM');
insert into Time (Time_ID, Date, Month, Year, Time) values (5156, 13, 'July', 2020, '11:21 PM');
insert into Time (Time_ID, Date, Month, Year, Time) values (5157, 16, 'March', 2014, '9:16 PM');
insert into Time (Time_ID, Date, Month, Year, Time) values (5158, 28, 'December', 2015, '6:33 AM');
insert into Time (Time_ID, Date, Month, Year, Time) values (5159, 4, 'July', 2018, '11:37 PM');
insert into Time (Time_ID, Date, Month, Year, Time) values (5160, 28, 'August', 2016, '11:29 PM');
insert into Time (Time_ID, Date, Month, Year, Time) values (5161, 3, 'July', 2016, '3:55 PM');
insert into Time (Time_ID, Date, Month, Year, Time) values (5162, 25, 'November', 2020, '6:39 AM');
insert into Time (Time_ID, Date, Month, Year, Time) values (5163, 15, 'September', 2018, '7:43 AM');
insert into Time (Time_ID, Date, Month, Year, Time) values (5164, 6, 'January', 2015, '11:08 AM');
insert into Time (Time_ID, Date, Month, Year, Time) values (5165, 1, 'December', 2017, '10:08 AM');
insert into Time (Time_ID, Date, Month, Year, Time) values (5166, 9, 'March', 2016, '9:39 PM');
insert into Time (Time_ID, Date, Month, Year, Time) values (5167, 11, 'November', 2014, '3:59 PM');
insert into Time (Time_ID, Date, Month, Year, Time) values (5168, 3, 'November', 2022, '6:50 AM');
insert into Time (Time_ID, Date, Month, Year, Time) values (5169, 20, 'May', 2019, '8:11 AM');
insert into Time (Time_ID, Date, Month, Year, Time) values (5170, 1, 'September', 2022, '10:59 PM');
insert into Time (Time_ID, Date, Month, Year, Time) values (5171, 4, 'September', 2018, '3:56 PM');
insert into Time (Time_ID, Date, Month, Year, Time) values (5172, 10, 'June', 2013, '7:49 PM');
insert into Time (Time_ID, Date, Month, Year, Time) values (5173, 18, 'September', 2017, '12:52 PM');
insert into Time (Time_ID, Date, Month, Year, Time) values (5174, 4, 'October', 2019, '11:38 PM');
insert into Time (Time_ID, Date, Month, Year, Time) values (5175, 14, 'June', 2017, '9:08 AM');
insert into Time (Time_ID, Date, Month, Year, Time) values (5176, 14, 'November', 2013, '12:06 PM');
insert into Time (Time_ID, Date, Month, Year, Time) values (5177, 3, 'May', 2021, '5:12 PM');
insert into Time (Time_ID, Date, Month, Year, Time) values (5178, 28, 'June', 2022, '6:48 AM');
insert into Time (Time_ID, Date, Month, Year, Time) values (5179, 12, 'February', 2017, '10:25 AM');
insert into Time (Time_ID, Date, Month, Year, Time) values (5180, 24, 'June', 2021, '8:54 PM');
insert into Time (Time_ID, Date, Month, Year, Time) values (5181, 7, 'May', 2017, '11:23 PM');
insert into Time (Time_ID, Date, Month, Year, Time) values (5182, 20, 'October', 2021, '7:12 AM');
insert into Time (Time_ID, Date, Month, Year, Time) values (5183, 10, 'March', 2019, '10:59 PM');
insert into Time (Time_ID, Date, Month, Year, Time) values (5184, 28, 'January', 2019, '12:58 AM');
insert into Time (Time_ID, Date, Month, Year, Time) values (5185, 11, 'June', 2017, '9:01 PM');
insert into Time (Time_ID, Date, Month, Year, Time) values (5186, 7, 'November', 2021, '2:30 PM');
insert into Time (Time_ID, Date, Month, Year, Time) values (5187, 27, 'September', 2021, '7:32 AM');
insert into Time (Time_ID, Date, Month, Year, Time) values (5188, 1, 'August', 2015, '4:11 AM');
insert into Time (Time_ID, Date, Month, Year, Time) values (5189, 23, 'April', 2015, '4:02 PM');
insert into Time (Time_ID, Date, Month, Year, Time) values (5190, 6, 'September', 2019, '6:58 PM');
insert into Time (Time_ID, Date, Month, Year, Time) values (5191, 22, 'February', 2020, '10:28 AM');
insert into Time (Time_ID, Date, Month, Year, Time) values (5192, 7, 'March', 2021, '4:52 PM');
insert into Time (Time_ID, Date, Month, Year, Time) values (5193, 22, 'November', 2015, '7:25 AM');
insert into Time (Time_ID, Date, Month, Year, Time) values (5194, 18, 'May', 2018, '8:27 PM');
insert into Time (Time_ID, Date, Month, Year, Time) values (5195, 23, 'October', 2022, '1:00 AM');
insert into Time (Time_ID, Date, Month, Year, Time) values (5196, 21, 'September', 2019, '9:47 AM');
insert into Time (Time_ID, Date, Month, Year, Time) values (5197, 3, 'June', 2014, '6:24 AM');
insert into Time (Time_ID, Date, Month, Year, Time) values (5198, 25, 'October', 2020, '9:41 PM');
insert into Time (Time_ID, Date, Month, Year, Time) values (5199, 15, 'July', 2020, '7:56 AM');
insert into Time (Time_ID, Date, Month, Year, Time) values (5200, 7, 'October', 2019, '3:25 AM');
insert into Time (Time_ID, Date, Month, Year, Time) values (5201, 23, 'May', 2014, '3:50 PM');
insert into Time (Time_ID, Date, Month, Year, Time) values (5202, 8, 'October', 2014, '2:06 AM');
insert into Time (Time_ID, Date, Month, Year, Time) values (5203, 26, 'March', 2022, '12:24 PM');
insert into Time (Time_ID, Date, Month, Year, Time) values (5204, 19, 'August', 2022, '12:06 PM');
insert into Time (Time_ID, Date, Month, Year, Time) values (5205, 16, 'September', 2015, '12:28 PM');
insert into Time (Time_ID, Date, Month, Year, Time) values (5206, 3, 'December', 2017, '12:54 PM');
insert into Time (Time_ID, Date, Month, Year, Time) values (5207, 8, 'December', 2016, '9:43 AM');
insert into Time (Time_ID, Date, Month, Year, Time) values (5208, 25, 'October', 2017, '1:02 PM');
insert into Time (Time_ID, Date, Month, Year, Time) values (5209, 26, 'April', 2013, '3:53 AM');
insert into Time (Time_ID, Date, Month, Year, Time) values (5210, 21, 'December', 2019, '1:08 PM');
insert into Time (Time_ID, Date, Month, Year, Time) values (5211, 25, 'February', 2017, '2:20 AM');
insert into Time (Time_ID, Date, Month, Year, Time) values (5212, 7, 'March', 2021, '1:59 PM');
insert into Time (Time_ID, Date, Month, Year, Time) values (5213, 3, 'April', 2014, '4:39 PM');
insert into Time (Time_ID, Date, Month, Year, Time) values (5214, 18, 'May', 2018, '12:15 AM');
insert into Time (Time_ID, Date, Month, Year, Time) values (5215, 8, 'August', 2020, '10:33 AM');
insert into Time (Time_ID, Date, Month, Year, Time) values (5216, 16, 'March', 2019, '10:19 AM');
insert into Time (Time_ID, Date, Month, Year, Time) values (5217, 1, 'September', 2016, '6:50 AM');
insert into Time (Time_ID, Date, Month, Year, Time) values (5218, 6, 'June', 2019, '1:13 PM');
insert into Time (Time_ID, Date, Month, Year, Time) values (5219, 11, 'June', 2013, '5:48 PM');
insert into Time (Time_ID, Date, Month, Year, Time) values (5220, 6, 'August', 2015, '1:04 AM');
insert into Time (Time_ID, Date, Month, Year, Time) values (5221, 11, 'February', 2017, '1:27 AM');
insert into Time (Time_ID, Date, Month, Year, Time) values (5222, 11, 'October', 2021, '1:19 AM');
insert into Time (Time_ID, Date, Month, Year, Time) values (5223, 19, 'February', 2014, '6:28 PM');
insert into Time (Time_ID, Date, Month, Year, Time) values (5224, 27, 'June', 2013, '1:13 AM');
insert into Time (Time_ID, Date, Month, Year, Time) values (5225, 17, 'April', 2013, '4:26 PM');
insert into Time (Time_ID, Date, Month, Year, Time) values (5226, 1, 'March', 2018, '6:03 AM');
insert into Time (Time_ID, Date, Month, Year, Time) values (5227, 13, 'December', 2017, '8:54 PM');
insert into Time (Time_ID, Date, Month, Year, Time) values (5228, 2, 'December', 2018, '4:30 PM');
insert into Time (Time_ID, Date, Month, Year, Time) values (5229, 10, 'April', 2013, '8:22 AM');
insert into Time (Time_ID, Date, Month, Year, Time) values (5230, 4, 'March', 2018, '12:20 PM');
insert into Time (Time_ID, Date, Month, Year, Time) values (5231, 23, 'September', 2017, '4:45 PM');
insert into Time (Time_ID, Date, Month, Year, Time) values (5232, 24, 'June', 2019, '6:26 PM');
insert into Time (Time_ID, Date, Month, Year, Time) values (5233, 25, 'August', 2019, '3:00 AM');
insert into Time (Time_ID, Date, Month, Year, Time) values (5234, 17, 'March', 2014, '6:37 PM');
insert into Time (Time_ID, Date, Month, Year, Time) values (5235, 26, 'August', 2018, '7:01 PM');
insert into Time (Time_ID, Date, Month, Year, Time) values (5236, 11, 'February', 2014, '4:45 PM');
insert into Time (Time_ID, Date, Month, Year, Time) values (5237, 6, 'August', 2019, '8:38 AM');
insert into Time (Time_ID, Date, Month, Year, Time) values (5238, 19, 'May', 2015, '10:46 AM');
insert into Time (Time_ID, Date, Month, Year, Time) values (5239, 5, 'July', 2013, '7:40 AM');
insert into Time (Time_ID, Date, Month, Year, Time) values (5240, 1, 'June', 2021, '7:44 AM');

